\camiller.IntUser\Simplified_ELVT_saved.IntPrj\Network Model.IntPrjfolder\Network Data.IntPrjfolder\Grid.ElmNet\Composite Model EV47.ElmComp\P-input EV47.ElmDsl;0.0
\camiller.IntUser\Simplified_ELVT_saved.IntPrj\Network Model.IntPrjfolder\Network Data.IntPrjfolder\Grid.ElmNet\Composite Model EV45.ElmComp\P-input EV45.ElmDsl;0.0
\camiller.IntUser\Simplified_ELVT_saved.IntPrj\Network Model.IntPrjfolder\Network Data.IntPrjfolder\Grid.ElmNet\Composite Model EV54.ElmComp\P-input EV54.ElmDsl;0.0
\camiller.IntUser\Simplified_ELVT_saved.IntPrj\Network Model.IntPrjfolder\Network Data.IntPrjfolder\Grid.ElmNet\Composite Model EV16.ElmComp\P-input EV16.ElmDsl;0.0
\camiller.IntUser\Simplified_ELVT_saved.IntPrj\Network Model.IntPrjfolder\Network Data.IntPrjfolder\Grid.ElmNet\Composite Model EV34.ElmComp\P-input EV34.ElmDsl;0.0
\camiller.IntUser\Simplified_ELVT_saved.IntPrj\Network Model.IntPrjfolder\Network Data.IntPrjfolder\Grid.ElmNet\Composite Model EV9.ElmComp\P-input EV9.ElmDsl;0.0
\camiller.IntUser\Simplified_ELVT_saved.IntPrj\Network Model.IntPrjfolder\Network Data.IntPrjfolder\Grid.ElmNet\Composite Model EV1.ElmComp\P-input EV1.ElmDsl;0.0
\camiller.IntUser\Simplified_ELVT_saved.IntPrj\Network Model.IntPrjfolder\Network Data.IntPrjfolder\Grid.ElmNet\Composite Model EV19.ElmComp\P-input EV19.ElmDsl;0.0
\camiller.IntUser\Simplified_ELVT_saved.IntPrj\Network Model.IntPrjfolder\Network Data.IntPrjfolder\Grid.ElmNet\Composite Model EV55.ElmComp\P-input EV55.ElmDsl;0.0
\camiller.IntUser\Simplified_ELVT_saved.IntPrj\Network Model.IntPrjfolder\Network Data.IntPrjfolder\Grid.ElmNet\Composite Model EV26.ElmComp\P-input EV26.ElmDsl;0.0
\camiller.IntUser\Simplified_ELVT_saved.IntPrj\Network Model.IntPrjfolder\Network Data.IntPrjfolder\Grid.ElmNet\Composite Model EV35.ElmComp\P-input EV35.ElmDsl;0.0
\camiller.IntUser\Simplified_ELVT_saved.IntPrj\Network Model.IntPrjfolder\Network Data.IntPrjfolder\Grid.ElmNet\Composite Model EV53.ElmComp\P-input EV53.ElmDsl;0.0
\camiller.IntUser\Simplified_ELVT_saved.IntPrj\Network Model.IntPrjfolder\Network Data.IntPrjfolder\Grid.ElmNet\Composite Model EV24.ElmComp\P-input EV24.ElmDsl;0.0
\camiller.IntUser\Simplified_ELVT_saved.IntPrj\Network Model.IntPrjfolder\Network Data.IntPrjfolder\Grid.ElmNet\Composite Model EV42.ElmComp\P-input EV42.ElmDsl;0.0
\camiller.IntUser\Simplified_ELVT_saved.IntPrj\Network Model.IntPrjfolder\Network Data.IntPrjfolder\Grid.ElmNet\Composite Model EV20.ElmComp\P-input EV20.ElmDsl;0.0
\camiller.IntUser\Simplified_ELVT_saved.IntPrj\Network Model.IntPrjfolder\Network Data.IntPrjfolder\Grid.ElmNet\Composite Model EV6.ElmComp\P-input EV6.ElmDsl;0.0
\camiller.IntUser\Simplified_ELVT_saved.IntPrj\Network Model.IntPrjfolder\Network Data.IntPrjfolder\Grid.ElmNet\Composite Model EV49.ElmComp\P-input EV49.ElmDsl;0.0
\camiller.IntUser\Simplified_ELVT_saved.IntPrj\Network Model.IntPrjfolder\Network Data.IntPrjfolder\Grid.ElmNet\Composite Model EV2.ElmComp\P-input EV2.ElmDsl;0.0
