\mauryav.IntUser\Simplified_ELVT.IntPrj\Network Model.IntPrjfolder\Network Data.IntPrjfolder\Grid.ElmNet\Composite Model EV1.ElmComp\P-input EV1.ElmDsl;0.0
\mauryav.IntUser\Simplified_ELVT.IntPrj\Network Model.IntPrjfolder\Network Data.IntPrjfolder\Grid.ElmNet\Composite Model EV38.ElmComp\P-input EV38.ElmDsl;0.007
\mauryav.IntUser\Simplified_ELVT.IntPrj\Network Model.IntPrjfolder\Network Data.IntPrjfolder\Grid.ElmNet\Composite Model EV47.ElmComp\P-input EV47.ElmDsl;-0.007
\mauryav.IntUser\Simplified_ELVT.IntPrj\Network Model.IntPrjfolder\Network Data.IntPrjfolder\Grid.ElmNet\Composite Model EV7.ElmComp\P-input EV7.ElmDsl;0.007
\mauryav.IntUser\Simplified_ELVT.IntPrj\Network Model.IntPrjfolder\Network Data.IntPrjfolder\Grid.ElmNet\Composite Model EV30.ElmComp\P-input EV30.ElmDsl;0.007
\mauryav.IntUser\Simplified_ELVT.IntPrj\Network Model.IntPrjfolder\Network Data.IntPrjfolder\Grid.ElmNet\Composite Model EV25.ElmComp\P-input EV25.ElmDsl;0.007
\mauryav.IntUser\Simplified_ELVT.IntPrj\Network Model.IntPrjfolder\Network Data.IntPrjfolder\Grid.ElmNet\Composite Model EV34.ElmComp\P-input EV34.ElmDsl;0.007
\mauryav.IntUser\Simplified_ELVT.IntPrj\Network Model.IntPrjfolder\Network Data.IntPrjfolder\Grid.ElmNet\Composite Model EV5.ElmComp\P-input EV5.ElmDsl;0.007
\mauryav.IntUser\Simplified_ELVT.IntPrj\Network Model.IntPrjfolder\Network Data.IntPrjfolder\Grid.ElmNet\Composite Model EV28.ElmComp\P-input EV28.ElmDsl;0.0
\mauryav.IntUser\Simplified_ELVT.IntPrj\Network Model.IntPrjfolder\Network Data.IntPrjfolder\Grid.ElmNet\Composite Model EV46.ElmComp\P-input EV46.ElmDsl;0.007
\mauryav.IntUser\Simplified_ELVT.IntPrj\Network Model.IntPrjfolder\Network Data.IntPrjfolder\Grid.ElmNet\Composite Model EV55.ElmComp\P-input EV55.ElmDsl;-0.007
\mauryav.IntUser\Simplified_ELVT.IntPrj\Network Model.IntPrjfolder\Network Data.IntPrjfolder\Grid.ElmNet\Composite Model EV8.ElmComp\P-input EV8.ElmDsl;0.007
\mauryav.IntUser\Simplified_ELVT.IntPrj\Network Model.IntPrjfolder\Network Data.IntPrjfolder\Grid.ElmNet\Composite Model EV20.ElmComp\P-input EV20.ElmDsl;0.0
\mauryav.IntUser\Simplified_ELVT.IntPrj\Network Model.IntPrjfolder\Network Data.IntPrjfolder\Grid.ElmNet\Composite Model EV4.ElmComp\P-input EV4.ElmDsl;0.007
\mauryav.IntUser\Simplified_ELVT.IntPrj\Network Model.IntPrjfolder\Network Data.IntPrjfolder\Grid.ElmNet\Composite Model EV24.ElmComp\P-input EV24.ElmDsl;0.0
\mauryav.IntUser\Simplified_ELVT.IntPrj\Network Model.IntPrjfolder\Network Data.IntPrjfolder\Grid.ElmNet\Composite Model EV42.ElmComp\P-input EV42.ElmDsl;-0.007
\mauryav.IntUser\Simplified_ELVT.IntPrj\Network Model.IntPrjfolder\Network Data.IntPrjfolder\Grid.ElmNet\Composite Model EV18.ElmComp\P-input EV18.ElmDsl;0.0
\mauryav.IntUser\Simplified_ELVT.IntPrj\Network Model.IntPrjfolder\Network Data.IntPrjfolder\Grid.ElmNet\Composite Model EV27.ElmComp\P-input EV27.ElmDsl;0.007
\mauryav.IntUser\Simplified_ELVT.IntPrj\Network Model.IntPrjfolder\Network Data.IntPrjfolder\Grid.ElmNet\Composite Model EV45.ElmComp\P-input EV45.ElmDsl;-0.007
\mauryav.IntUser\Simplified_ELVT.IntPrj\Network Model.IntPrjfolder\Network Data.IntPrjfolder\Grid.ElmNet\Composite Model EV54.ElmComp\P-input EV54.ElmDsl;0.007
\mauryav.IntUser\Simplified_ELVT.IntPrj\Network Model.IntPrjfolder\Network Data.IntPrjfolder\Grid.ElmNet\Composite Model EV49.ElmComp\P-input EV49.ElmDsl;-0.007
\mauryav.IntUser\Simplified_ELVT.IntPrj\Network Model.IntPrjfolder\Network Data.IntPrjfolder\Grid.ElmNet\Composite Model EV3.ElmComp\P-input EV3.ElmDsl;0.0
\mauryav.IntUser\Simplified_ELVT.IntPrj\Network Model.IntPrjfolder\Network Data.IntPrjfolder\Grid.ElmNet\Composite Model EV23.ElmComp\P-input EV23.ElmDsl;0.007
\mauryav.IntUser\Simplified_ELVT.IntPrj\Network Model.IntPrjfolder\Network Data.IntPrjfolder\Grid.ElmNet\Composite Model EV32.ElmComp\P-input EV32.ElmDsl;0.007
\mauryav.IntUser\Simplified_ELVT.IntPrj\Network Model.IntPrjfolder\Network Data.IntPrjfolder\Grid.ElmNet\Composite Model EV50.ElmComp\P-input EV50.ElmDsl;-0.007
\mauryav.IntUser\Simplified_ELVT.IntPrj\Network Model.IntPrjfolder\Network Data.IntPrjfolder\Grid.ElmNet\Composite Model EV39.ElmComp\P-input EV39.ElmDsl;-0.007
\mauryav.IntUser\Simplified_ELVT.IntPrj\Network Model.IntPrjfolder\Network Data.IntPrjfolder\Grid.ElmNet\Composite Model EV22.ElmComp\P-input EV22.ElmDsl;0.0
\mauryav.IntUser\Simplified_ELVT.IntPrj\Network Model.IntPrjfolder\Network Data.IntPrjfolder\Grid.ElmNet\Composite Model EV31.ElmComp\P-input EV31.ElmDsl;0.007
\mauryav.IntUser\Simplified_ELVT.IntPrj\Network Model.IntPrjfolder\Network Data.IntPrjfolder\Grid.ElmNet\Composite Model EV40.ElmComp\P-input EV40.ElmDsl;-0.007
\mauryav.IntUser\Simplified_ELVT.IntPrj\Network Model.IntPrjfolder\Network Data.IntPrjfolder\Grid.ElmNet\Composite Model EV2.ElmComp\P-input EV2.ElmDsl;0.0
\mauryav.IntUser\Simplified_ELVT.IntPrj\Network Model.IntPrjfolder\Network Data.IntPrjfolder\Grid.ElmNet\Composite Model EV6.ElmComp\P-input EV6.ElmDsl;0.007
\mauryav.IntUser\Simplified_ELVT.IntPrj\Network Model.IntPrjfolder\Network Data.IntPrjfolder\Grid.ElmNet\Composite Model EV26.ElmComp\P-input EV26.ElmDsl;0.0
\mauryav.IntUser\Simplified_ELVT.IntPrj\Network Model.IntPrjfolder\Network Data.IntPrjfolder\Grid.ElmNet\Composite Model EV44.ElmComp\P-input EV44.ElmDsl;0.0
\mauryav.IntUser\Simplified_ELVT.IntPrj\Network Model.IntPrjfolder\Network Data.IntPrjfolder\Grid.ElmNet\Composite Model EV53.ElmComp\P-input EV53.ElmDsl;-0.007
