\szafar.IntUser\Larger_network_AB.IntPrj\Network Model.IntPrjfolder\Network Data.IntPrjfolder\Grid.ElmNet\Composite Model EV32(7).ElmComp\Battery EV32(7).ElmDsl;0.471812
\szafar.IntUser\Larger_network_AB.IntPrj\Network Model.IntPrjfolder\Network Data.IntPrjfolder\Grid.ElmNet\Composite Model EV7(3).ElmComp\Battery EV7(3).ElmDsl;0.0
\szafar.IntUser\Larger_network_AB.IntPrj\Network Model.IntPrjfolder\Network Data.IntPrjfolder\Grid.ElmNet\Composite Model EV46(6).ElmComp\Battery EV46(6).ElmDsl;0.0
\szafar.IntUser\Larger_network_AB.IntPrj\Network Model.IntPrjfolder\Network Data.IntPrjfolder\Grid.ElmNet\Composite Model EV6(5).ElmComp\Battery EV6(5).ElmDsl;0.0
\szafar.IntUser\Larger_network_AB.IntPrj\Network Model.IntPrjfolder\Network Data.IntPrjfolder\Grid.ElmNet\Composite Model EV36(8).ElmComp\Battery EV36(8).ElmDsl;0.530784
\szafar.IntUser\Larger_network_AB.IntPrj\Network Model.IntPrjfolder\Network Data.IntPrjfolder\Grid.ElmNet\Composite Model EV5(7).ElmComp\Battery EV5(7).ElmDsl;0.0
\szafar.IntUser\Larger_network_AB.IntPrj\Network Model.IntPrjfolder\Network Data.IntPrjfolder\Grid.ElmNet\Composite Model EV18.ElmComp\Battery EV18.ElmDsl;0.55037
\szafar.IntUser\Larger_network_AB.IntPrj\Network Model.IntPrjfolder\Network Data.IntPrjfolder\Grid.ElmNet\Composite Model EV42(5).ElmComp\Battery EV42(5).ElmDsl;0.0
\szafar.IntUser\Larger_network_AB.IntPrj\Network Model.IntPrjfolder\Network Data.IntPrjfolder\Grid.ElmNet\Composite Model EV47(3).ElmComp\Battery EV47(3).ElmDsl;0.0
\szafar.IntUser\Larger_network_AB.IntPrj\Network Model.IntPrjfolder\Network Data.IntPrjfolder\Grid.ElmNet\Composite Model EV41(8).ElmComp\Battery EV41(8).ElmDsl;0.0
\szafar.IntUser\Larger_network_AB.IntPrj\Network Model.IntPrjfolder\Network Data.IntPrjfolder\Grid.ElmNet\Composite Model EV13(8).ElmComp\Battery EV13(8).ElmDsl;0.0
\szafar.IntUser\Larger_network_AB.IntPrj\Network Model.IntPrjfolder\Network Data.IntPrjfolder\Grid.ElmNet\Composite Model EV51(6).ElmComp\Battery EV51(6).ElmDsl;0.0
\szafar.IntUser\Larger_network_AB.IntPrj\Network Model.IntPrjfolder\Network Data.IntPrjfolder\Grid.ElmNet\Composite Model EV27(7).ElmComp\Battery EV27(7).ElmDsl;0.500798
\szafar.IntUser\Larger_network_AB.IntPrj\Network Model.IntPrjfolder\Network Data.IntPrjfolder\Grid.ElmNet\Composite Model EV12(2).ElmComp\Battery EV12(2).ElmDsl;0.0
\szafar.IntUser\Larger_network_AB.IntPrj\Network Model.IntPrjfolder\Network Data.IntPrjfolder\Grid.ElmNet\Composite Model EV18(6).ElmComp\Battery EV18(6).ElmDsl;0.55037
\szafar.IntUser\Larger_network_AB.IntPrj\Network Model.IntPrjfolder\Network Data.IntPrjfolder\Grid.ElmNet\Composite Model EV37(5).ElmComp\Battery EV37(5).ElmDsl;0.486655
\szafar.IntUser\Larger_network_AB.IntPrj\Network Model.IntPrjfolder\Network Data.IntPrjfolder\Grid.ElmNet\Composite Model EV8(1).ElmComp\Battery EV8(1).ElmDsl;0.0
\szafar.IntUser\Larger_network_AB.IntPrj\Network Model.IntPrjfolder\Network Data.IntPrjfolder\Grid.ElmNet\Composite Model EV9.ElmComp\Battery EV9.ElmDsl;0.0
\szafar.IntUser\Larger_network_AB.IntPrj\Network Model.IntPrjfolder\Network Data.IntPrjfolder\Grid.ElmNet\Composite Model EV16(3).ElmComp\Battery EV16(3).ElmDsl;0.0
\szafar.IntUser\Larger_network_AB.IntPrj\Network Model.IntPrjfolder\Network Data.IntPrjfolder\Grid.ElmNet\Composite Model EV19.ElmComp\Battery EV19.ElmDsl;0.511941
\szafar.IntUser\Larger_network_AB.IntPrj\Network Model.IntPrjfolder\Network Data.IntPrjfolder\Grid.ElmNet\Composite Model EV26(1).ElmComp\Battery EV26(1).ElmDsl;0.608042
\szafar.IntUser\Larger_network_AB.IntPrj\Network Model.IntPrjfolder\Network Data.IntPrjfolder\Grid.ElmNet\Composite Model EV31(1).ElmComp\Battery EV31(1).ElmDsl;0.616099
\szafar.IntUser\Larger_network_AB.IntPrj\Network Model.IntPrjfolder\Network Data.IntPrjfolder\Grid.ElmNet\Composite Model EV21(3).ElmComp\Battery EV21(3).ElmDsl;0.0
\szafar.IntUser\Larger_network_AB.IntPrj\Network Model.IntPrjfolder\Network Data.IntPrjfolder\Grid.ElmNet\Composite Model EV7(8).ElmComp\Battery EV7(8).ElmDsl;0.0
\szafar.IntUser\Larger_network_AB.IntPrj\Network Model.IntPrjfolder\Network Data.IntPrjfolder\Grid.ElmNet\Composite Model EV4(4).ElmComp\Battery EV4(4).ElmDsl;0.653152
\szafar.IntUser\Larger_network_AB.IntPrj\Network Model.IntPrjfolder\Network Data.IntPrjfolder\Grid.ElmNet\Composite Model EV35(2).ElmComp\Battery EV35(2).ElmDsl;0.594299
\szafar.IntUser\Larger_network_AB.IntPrj\Network Model.IntPrjfolder\Network Data.IntPrjfolder\Grid.ElmNet\Composite Model EV55(7).ElmComp\Battery EV55(7).ElmDsl;0.0
\szafar.IntUser\Larger_network_AB.IntPrj\Network Model.IntPrjfolder\Network Data.IntPrjfolder\Grid.ElmNet\Composite Model EV11(5).ElmComp\Battery EV11(5).ElmDsl;0.0
\szafar.IntUser\Larger_network_AB.IntPrj\Network Model.IntPrjfolder\Network Data.IntPrjfolder\Grid.ElmNet\Composite Model EV20.ElmComp\Battery EV20.ElmDsl;0.473912
\szafar.IntUser\Larger_network_AB.IntPrj\Network Model.IntPrjfolder\Network Data.IntPrjfolder\Grid.ElmNet\Composite Model EV30(4).ElmComp\Battery EV30(4).ElmDsl;0.0
\szafar.IntUser\Larger_network_AB.IntPrj\Network Model.IntPrjfolder\Network Data.IntPrjfolder\Grid.ElmNet\Composite Model EV9(4).ElmComp\Battery EV9(4).ElmDsl;0.0
\szafar.IntUser\Larger_network_AB.IntPrj\Network Model.IntPrjfolder\Network Data.IntPrjfolder\Grid.ElmNet\Composite Model EV11(1).ElmComp\Battery EV11(1).ElmDsl;0.0
\szafar.IntUser\Larger_network_AB.IntPrj\Network Model.IntPrjfolder\Network Data.IntPrjfolder\Grid.ElmNet\Composite Model EV54(6).ElmComp\Battery EV54(6).ElmDsl;0.0
\szafar.IntUser\Larger_network_AB.IntPrj\Network Model.IntPrjfolder\Network Data.IntPrjfolder\Grid.ElmNet\Composite Model EV44(3).ElmComp\Battery EV44(3).ElmDsl;0.0
\szafar.IntUser\Larger_network_AB.IntPrj\Network Model.IntPrjfolder\Network Data.IntPrjfolder\Grid.ElmNet\Composite Model EV24(7).ElmComp\Battery EV24(7).ElmDsl;0.487355
\szafar.IntUser\Larger_network_AB.IntPrj\Network Model.IntPrjfolder\Network Data.IntPrjfolder\Grid.ElmNet\Composite Model EV39(8).ElmComp\Battery EV39(8).ElmDsl;0.623285
\szafar.IntUser\Larger_network_AB.IntPrj\Network Model.IntPrjfolder\Network Data.IntPrjfolder\Grid.ElmNet\Composite Model EV2(3).ElmComp\Battery EV2(3).ElmDsl;0.0
\szafar.IntUser\Larger_network_AB.IntPrj\Network Model.IntPrjfolder\Network Data.IntPrjfolder\Grid.ElmNet\Composite Model EV29(5).ElmComp\Battery EV29(5).ElmDsl;0.653371
\szafar.IntUser\Larger_network_AB.IntPrj\Network Model.IntPrjfolder\Network Data.IntPrjfolder\Grid.ElmNet\Composite Model EV48(4).ElmComp\Battery EV48(4).ElmDsl;0.0
\szafar.IntUser\Larger_network_AB.IntPrj\Network Model.IntPrjfolder\Network Data.IntPrjfolder\Grid.ElmNet\Composite Model EV49(1).ElmComp\Battery EV49(1).ElmDsl;0.0
\szafar.IntUser\Larger_network_AB.IntPrj\Network Model.IntPrjfolder\Network Data.IntPrjfolder\Grid.ElmNet\Composite Model EV20(6).ElmComp\Battery EV20(6).ElmDsl;0.473912
\szafar.IntUser\Larger_network_AB.IntPrj\Network Model.IntPrjfolder\Network Data.IntPrjfolder\Grid.ElmNet\Composite Model EV35(7).ElmComp\Battery EV35(7).ElmDsl;0.594299
\szafar.IntUser\Larger_network_AB.IntPrj\Network Model.IntPrjfolder\Network Data.IntPrjfolder\Grid.ElmNet\Composite Model EV25(4).ElmComp\Battery EV25(4).ElmDsl;0.0
\szafar.IntUser\Larger_network_AB.IntPrj\Network Model.IntPrjfolder\Network Data.IntPrjfolder\Grid.ElmNet\Composite Model EV2(8).ElmComp\Battery EV2(8).ElmDsl;0.0
\szafar.IntUser\Larger_network_AB.IntPrj\Network Model.IntPrjfolder\Network Data.IntPrjfolder\Grid.ElmNet\Composite Model EV43(6).ElmComp\Battery EV43(6).ElmDsl;0.0
\szafar.IntUser\Larger_network_AB.IntPrj\Network Model.IntPrjfolder\Network Data.IntPrjfolder\Grid.ElmNet\Composite Model EV10(4).ElmComp\Battery EV10(4).ElmDsl;0.0
\szafar.IntUser\Larger_network_AB.IntPrj\Network Model.IntPrjfolder\Network Data.IntPrjfolder\Grid.ElmNet\Composite Model EV34(1).ElmComp\Battery EV34(1).ElmDsl;0.660171
\szafar.IntUser\Larger_network_AB.IntPrj\Network Model.IntPrjfolder\Network Data.IntPrjfolder\Grid.ElmNet\Composite Model EV15(2).ElmComp\Battery EV15(2).ElmDsl;0.660171
\szafar.IntUser\Larger_network_AB.IntPrj\Network Model.IntPrjfolder\Network Data.IntPrjfolder\Grid.ElmNet\Composite Model EV44.ElmComp\Battery EV44.ElmDsl;0.451083
\szafar.IntUser\Larger_network_AB.IntPrj\Network Model.IntPrjfolder\Network Data.IntPrjfolder\Grid.ElmNet\Composite Model EV17.ElmComp\Battery EV17.ElmDsl;0.469312
\szafar.IntUser\Larger_network_AB.IntPrj\Network Model.IntPrjfolder\Network Data.IntPrjfolder\Grid.ElmNet\Composite Model EV38(2).ElmComp\Battery EV38(2).ElmDsl;0.659471
\szafar.IntUser\Larger_network_AB.IntPrj\Network Model.IntPrjfolder\Network Data.IntPrjfolder\Grid.ElmNet\Composite Model EV47(7).ElmComp\Battery EV47(7).ElmDsl;0.0
\szafar.IntUser\Larger_network_AB.IntPrj\Network Model.IntPrjfolder\Network Data.IntPrjfolder\Grid.ElmNet\Composite Model EV3(6).ElmComp\Battery EV3(6).ElmDsl;0.540578
\szafar.IntUser\Larger_network_AB.IntPrj\Network Model.IntPrjfolder\Network Data.IntPrjfolder\Grid.ElmNet\Composite Model EV19(3).ElmComp\Battery EV19(3).ElmDsl;0.0
\szafar.IntUser\Larger_network_AB.IntPrj\Network Model.IntPrjfolder\Network Data.IntPrjfolder\Grid.ElmNet\Composite Model EV1(2).ElmComp\Battery EV1(2).ElmDsl;0.0
\szafar.IntUser\Larger_network_AB.IntPrj\Network Model.IntPrjfolder\Network Data.IntPrjfolder\Grid.ElmNet\Composite Model EV1(5).ElmComp\Battery EV1(5).ElmDsl;0.0
\szafar.IntUser\Larger_network_AB.IntPrj\Network Model.IntPrjfolder\Network Data.IntPrjfolder\Grid.ElmNet\Composite Model EV28(8).ElmComp\Battery EV28(8).ElmDsl;0.650228
\szafar.IntUser\Larger_network_AB.IntPrj\Network Model.IntPrjfolder\Network Data.IntPrjfolder\Grid.ElmNet\Composite Model EV23(1).ElmComp\Battery EV23(1).ElmDsl;0.657271
\szafar.IntUser\Larger_network_AB.IntPrj\Network Model.IntPrjfolder\Network Data.IntPrjfolder\Grid.ElmNet\Composite Model EV33(4).ElmComp\Battery EV33(4).ElmDsl;0.0
\szafar.IntUser\Larger_network_AB.IntPrj\Network Model.IntPrjfolder\Network Data.IntPrjfolder\Grid.ElmNet\Composite Model EV52(3).ElmComp\Battery EV52(3).ElmDsl;0.0
\szafar.IntUser\Larger_network_AB.IntPrj\Network Model.IntPrjfolder\Network Data.IntPrjfolder\Grid.ElmNet\Composite Model EV14(5).ElmComp\Battery EV14(5).ElmDsl;0.630885
\szafar.IntUser\Larger_network_AB.IntPrj\Network Model.IntPrjfolder\Network Data.IntPrjfolder\Grid.ElmNet\Composite Model EV42.ElmComp\Battery EV42.ElmDsl;0.483555
\szafar.IntUser\Larger_network_AB.IntPrj\Network Model.IntPrjfolder\Network Data.IntPrjfolder\Grid.ElmNet\Composite Model EV39.ElmComp\Battery EV39.ElmDsl;0.623285
\szafar.IntUser\Larger_network_AB.IntPrj\Network Model.IntPrjfolder\Network Data.IntPrjfolder\Grid.ElmNet\Composite Model EV1.ElmComp\Battery EV1.ElmDsl;0.0
\szafar.IntUser\Larger_network_AB.IntPrj\Network Model.IntPrjfolder\Network Data.IntPrjfolder\Grid.ElmNet\Composite Model EV22(4).ElmComp\Battery EV22(4).ElmDsl;0.0
\szafar.IntUser\Larger_network_AB.IntPrj\Network Model.IntPrjfolder\Network Data.IntPrjfolder\Grid.ElmNet\Composite Model EV23(2).ElmComp\Battery EV23(2).ElmDsl;0.657271
\szafar.IntUser\Larger_network_AB.IntPrj\Network Model.IntPrjfolder\Network Data.IntPrjfolder\Grid.ElmNet\Composite Model EV27(3).ElmComp\Battery EV27(3).ElmDsl;0.0
\szafar.IntUser\Larger_network_AB.IntPrj\Network Model.IntPrjfolder\Network Data.IntPrjfolder\Grid.ElmNet\Composite Model EV26(5).ElmComp\Battery EV26(5).ElmDsl;0.608042
\szafar.IntUser\Larger_network_AB.IntPrj\Network Model.IntPrjfolder\Network Data.IntPrjfolder\Grid.ElmNet\Composite Model EV41(3).ElmComp\Battery EV41(3).ElmDsl;0.0
\szafar.IntUser\Larger_network_AB.IntPrj\Network Model.IntPrjfolder\Network Data.IntPrjfolder\Grid.ElmNet\Composite Model EV42(1).ElmComp\Battery EV42(1).ElmDsl;0.0
\szafar.IntUser\Larger_network_AB.IntPrj\Network Model.IntPrjfolder\Network Data.IntPrjfolder\Grid.ElmNet\Composite Model EV2(5).ElmComp\Battery EV2(5).ElmDsl;0.0
\szafar.IntUser\Larger_network_AB.IntPrj\Network Model.IntPrjfolder\Network Data.IntPrjfolder\Grid.ElmNet\Composite Model EV22.ElmComp\Battery EV22.ElmDsl;0.598099
\szafar.IntUser\Larger_network_AB.IntPrj\Network Model.IntPrjfolder\Network Data.IntPrjfolder\Grid.ElmNet\Composite Model EV40.ElmComp\Battery EV40.ElmDsl;0.648428
\szafar.IntUser\Larger_network_AB.IntPrj\Network Model.IntPrjfolder\Network Data.IntPrjfolder\Grid.ElmNet\Composite Model EV1(7).ElmComp\Battery EV1(7).ElmDsl;0.0
\szafar.IntUser\Larger_network_AB.IntPrj\Network Model.IntPrjfolder\Network Data.IntPrjfolder\Grid.ElmNet\Composite Model EV32(3).ElmComp\Battery EV32(3).ElmDsl;0.0
\szafar.IntUser\Larger_network_AB.IntPrj\Network Model.IntPrjfolder\Network Data.IntPrjfolder\Grid.ElmNet\Composite Model EV13(4).ElmComp\Battery EV13(4).ElmDsl;0.0
\szafar.IntUser\Larger_network_AB.IntPrj\Network Model.IntPrjfolder\Network Data.IntPrjfolder\Grid.ElmNet\Composite Model EV31(5).ElmComp\Battery EV31(5).ElmDsl;0.616099
\szafar.IntUser\Larger_network_AB.IntPrj\Network Model.IntPrjfolder\Network Data.IntPrjfolder\Grid.ElmNet\Composite Model EV12(6).ElmComp\Battery EV12(6).ElmDsl;0.0
\szafar.IntUser\Larger_network_AB.IntPrj\Network Model.IntPrjfolder\Network Data.IntPrjfolder\Grid.ElmNet\Composite Model EV50(4).ElmComp\Battery EV50(4).ElmDsl;0.0
\szafar.IntUser\Larger_network_AB.IntPrj\Network Model.IntPrjfolder\Network Data.IntPrjfolder\Grid.ElmNet\Composite Model EV46.ElmComp\Battery EV46.ElmDsl;0.582156
\szafar.IntUser\Larger_network_AB.IntPrj\Network Model.IntPrjfolder\Network Data.IntPrjfolder\Grid.ElmNet\Composite Model EV49(5).ElmComp\Battery EV49(5).ElmDsl;0.0
\szafar.IntUser\Larger_network_AB.IntPrj\Network Model.IntPrjfolder\Network Data.IntPrjfolder\Grid.ElmNet\Composite Model EV39(7).ElmComp\Battery EV39(7).ElmDsl;0.623285
\szafar.IntUser\Larger_network_AB.IntPrj\Network Model.IntPrjfolder\Network Data.IntPrjfolder\Grid.ElmNet\Composite Model EV21(8).ElmComp\Battery EV21(8).ElmDsl;0.659871
\szafar.IntUser\Larger_network_AB.IntPrj\Network Model.IntPrjfolder\Network Data.IntPrjfolder\Grid.ElmNet\Composite Model EV21.ElmComp\Battery EV21.ElmDsl;0.659871
\szafar.IntUser\Larger_network_AB.IntPrj\Network Model.IntPrjfolder\Network Data.IntPrjfolder\Grid.ElmNet\Composite Model EV46(2).ElmComp\Battery EV46(2).ElmDsl;0.0
\szafar.IntUser\Larger_network_AB.IntPrj\Network Model.IntPrjfolder\Network Data.IntPrjfolder\Grid.ElmNet\Composite Model EV45(4).ElmComp\Battery EV45(4).ElmDsl;0.0
\szafar.IntUser\Larger_network_AB.IntPrj\Network Model.IntPrjfolder\Network Data.IntPrjfolder\Grid.ElmNet\Composite Model EV20(1).ElmComp\Battery EV20(1).ElmDsl;0.473912
\szafar.IntUser\Larger_network_AB.IntPrj\Network Model.IntPrjfolder\Network Data.IntPrjfolder\Grid.ElmNet\Composite Model EV16(7).ElmComp\Battery EV16(7).ElmDsl;0.45114
\szafar.IntUser\Larger_network_AB.IntPrj\Network Model.IntPrjfolder\Network Data.IntPrjfolder\Grid.ElmNet\Composite Model EV35(6).ElmComp\Battery EV35(6).ElmDsl;0.594299
\szafar.IntUser\Larger_network_AB.IntPrj\Network Model.IntPrjfolder\Network Data.IntPrjfolder\Grid.ElmNet\Composite Model EV54(5).ElmComp\Battery EV54(5).ElmDsl;0.0
\szafar.IntUser\Larger_network_AB.IntPrj\Network Model.IntPrjfolder\Network Data.IntPrjfolder\Grid.ElmNet\Composite Model EV17(5).ElmComp\Battery EV17(5).ElmDsl;0.469312
\szafar.IntUser\Larger_network_AB.IntPrj\Network Model.IntPrjfolder\Network Data.IntPrjfolder\Grid.ElmNet\Composite Model EV36(4).ElmComp\Battery EV36(4).ElmDsl;0.0
\szafar.IntUser\Larger_network_AB.IntPrj\Network Model.IntPrjfolder\Network Data.IntPrjfolder\Grid.ElmNet\Composite Model EV55(3).ElmComp\Battery EV55(3).ElmDsl;0.0
\szafar.IntUser\Larger_network_AB.IntPrj\Network Model.IntPrjfolder\Network Data.IntPrjfolder\Grid.ElmNet\Composite Model EV24(2).ElmComp\Battery EV24(2).ElmDsl;0.487355
\szafar.IntUser\Larger_network_AB.IntPrj\Network Model.IntPrjfolder\Network Data.IntPrjfolder\Grid.ElmNet\Composite Model EV54(1).ElmComp\Battery EV54(1).ElmDsl;0.0
\szafar.IntUser\Larger_network_AB.IntPrj\Network Model.IntPrjfolder\Network Data.IntPrjfolder\Grid.ElmNet\Composite Model EV3(1).ElmComp\Battery EV3(1).ElmDsl;0.540578
\szafar.IntUser\Larger_network_AB.IntPrj\Network Model.IntPrjfolder\Network Data.IntPrjfolder\Grid.ElmNet\Composite Model EV44(8).ElmComp\Battery EV44(8).ElmDsl;0.0
\szafar.IntUser\Larger_network_AB.IntPrj\Network Model.IntPrjfolder\Network Data.IntPrjfolder\Grid.ElmNet\Composite Model EV6(8).ElmComp\Battery EV6(8).ElmDsl;0.0
\szafar.IntUser\Larger_network_AB.IntPrj\Network Model.IntPrjfolder\Network Data.IntPrjfolder\Grid.ElmNet\Composite Model EV14.ElmComp\Battery EV14.ElmDsl;0.630885
\szafar.IntUser\Larger_network_AB.IntPrj\Network Model.IntPrjfolder\Network Data.IntPrjfolder\Grid.ElmNet\Composite Model EV40(2).ElmComp\Battery EV40(2).ElmDsl;0.648428
\szafar.IntUser\Larger_network_AB.IntPrj\Network Model.IntPrjfolder\Network Data.IntPrjfolder\Grid.ElmNet\Composite Model EV28(3).ElmComp\Battery EV28(3).ElmDsl;0.0
\szafar.IntUser\Larger_network_AB.IntPrj\Network Model.IntPrjfolder\Network Data.IntPrjfolder\Grid.ElmNet\Composite Model EV40(7).ElmComp\Battery EV40(7).ElmDsl;0.648428
\szafar.IntUser\Larger_network_AB.IntPrj\Network Model.IntPrjfolder\Network Data.IntPrjfolder\Grid.ElmNet\Composite Model EV6(2).ElmComp\Battery EV6(2).ElmDsl;0.0
\szafar.IntUser\Larger_network_AB.IntPrj\Network Model.IntPrjfolder\Network Data.IntPrjfolder\Grid.ElmNet\Composite Model EV55(8).ElmComp\Battery EV55(8).ElmDsl;0.0
\szafar.IntUser\Larger_network_AB.IntPrj\Network Model.IntPrjfolder\Network Data.IntPrjfolder\Grid.ElmNet\Composite Model EV43(1).ElmComp\Battery EV43(1).ElmDsl;0.0
\szafar.IntUser\Larger_network_AB.IntPrj\Network Model.IntPrjfolder\Network Data.IntPrjfolder\Grid.ElmNet\Composite Model EV19(8).ElmComp\Battery EV19(8).ElmDsl;0.511941
\szafar.IntUser\Larger_network_AB.IntPrj\Network Model.IntPrjfolder\Network Data.IntPrjfolder\Grid.ElmNet\Composite Model EV7.ElmComp\Battery EV7.ElmDsl;0.0
\szafar.IntUser\Larger_network_AB.IntPrj\Network Model.IntPrjfolder\Network Data.IntPrjfolder\Grid.ElmNet\Composite Model EV51(2).ElmComp\Battery EV51(2).ElmDsl;0.0
\szafar.IntUser\Larger_network_AB.IntPrj\Network Model.IntPrjfolder\Network Data.IntPrjfolder\Grid.ElmNet\Composite Model EV7(6).ElmComp\Battery EV7(6).ElmDsl;0.0
\szafar.IntUser\Larger_network_AB.IntPrj\Network Model.IntPrjfolder\Network Data.IntPrjfolder\Grid.ElmNet\Composite Model EV10(8).ElmComp\Battery EV10(8).ElmDsl;0.0
\szafar.IntUser\Larger_network_AB.IntPrj\Network Model.IntPrjfolder\Network Data.IntPrjfolder\Grid.ElmNet\Composite Model EV11(6).ElmComp\Battery EV11(6).ElmDsl;0.0
\szafar.IntUser\Larger_network_AB.IntPrj\Network Model.IntPrjfolder\Network Data.IntPrjfolder\Grid.ElmNet\Composite Model EV30(5).ElmComp\Battery EV30(5).ElmDsl;0.487255
\szafar.IntUser\Larger_network_AB.IntPrj\Network Model.IntPrjfolder\Network Data.IntPrjfolder\Grid.ElmNet\Composite Model EV39(3).ElmComp\Battery EV39(3).ElmDsl;0.0
\szafar.IntUser\Larger_network_AB.IntPrj\Network Model.IntPrjfolder\Network Data.IntPrjfolder\Grid.ElmNet\Composite Model EV18(1).ElmComp\Battery EV18(1).ElmDsl;0.55037
\szafar.IntUser\Larger_network_AB.IntPrj\Network Model.IntPrjfolder\Network Data.IntPrjfolder\Grid.ElmNet\Composite Model EV52(7).ElmComp\Battery EV52(7).ElmDsl;0.0
\szafar.IntUser\Larger_network_AB.IntPrj\Network Model.IntPrjfolder\Network Data.IntPrjfolder\Grid.ElmNet\Composite Model EV38(7).ElmComp\Battery EV38(7).ElmDsl;0.659471
\szafar.IntUser\Larger_network_AB.IntPrj\Network Model.IntPrjfolder\Network Data.IntPrjfolder\Grid.ElmNet\Composite Model EV47(2).ElmComp\Battery EV47(2).ElmDsl;0.0
\szafar.IntUser\Larger_network_AB.IntPrj\Network Model.IntPrjfolder\Network Data.IntPrjfolder\Grid.ElmNet\Composite Model EV22(8).ElmComp\Battery EV22(8).ElmDsl;0.598099
\szafar.IntUser\Larger_network_AB.IntPrj\Network Model.IntPrjfolder\Network Data.IntPrjfolder\Grid.ElmNet\Composite Model EV23(6).ElmComp\Battery EV23(6).ElmDsl;0.657271
\szafar.IntUser\Larger_network_AB.IntPrj\Network Model.IntPrjfolder\Network Data.IntPrjfolder\Grid.ElmNet\Composite Model EV43.ElmComp\Battery EV43.ElmDsl;0.651471
\szafar.IntUser\Larger_network_AB.IntPrj\Network Model.IntPrjfolder\Network Data.IntPrjfolder\Grid.ElmNet\Composite Model EV29(1).ElmComp\Battery EV29(1).ElmDsl;0.653371
\szafar.IntUser\Larger_network_AB.IntPrj\Network Model.IntPrjfolder\Network Data.IntPrjfolder\Grid.ElmNet\Composite Model EV33(8).ElmComp\Battery EV33(8).ElmDsl;0.659971
\szafar.IntUser\Larger_network_AB.IntPrj\Network Model.IntPrjfolder\Network Data.IntPrjfolder\Grid.ElmNet\Composite Model EV34(6).ElmComp\Battery EV34(6).ElmDsl;0.660171
\szafar.IntUser\Larger_network_AB.IntPrj\Network Model.IntPrjfolder\Network Data.IntPrjfolder\Grid.ElmNet\Composite Model EV15(7).ElmComp\Battery EV15(7).ElmDsl;0.660171
\szafar.IntUser\Larger_network_AB.IntPrj\Network Model.IntPrjfolder\Network Data.IntPrjfolder\Grid.ElmNet\Composite Model EV53(5).ElmComp\Battery EV53(5).ElmDsl;0.0
\szafar.IntUser\Larger_network_AB.IntPrj\Network Model.IntPrjfolder\Network Data.IntPrjfolder\Grid.ElmNet\Composite Model EV48.ElmComp\Battery EV48.ElmDsl;0.500798
\szafar.IntUser\Larger_network_AB.IntPrj\Network Model.IntPrjfolder\Network Data.IntPrjfolder\Grid.ElmNet\Composite Model EV55(6).ElmComp\Battery EV55(6).ElmDsl;0.0
\szafar.IntUser\Larger_network_AB.IntPrj\Network Model.IntPrjfolder\Network Data.IntPrjfolder\Grid.ElmNet\Composite Model EV16(2).ElmComp\Battery EV16(2).ElmDsl;0.45114
\szafar.IntUser\Larger_network_AB.IntPrj\Network Model.IntPrjfolder\Network Data.IntPrjfolder\Grid.ElmNet\Composite Model EV23(7).ElmComp\Battery EV23(7).ElmDsl;0.657271
\szafar.IntUser\Larger_network_AB.IntPrj\Network Model.IntPrjfolder\Network Data.IntPrjfolder\Grid.ElmNet\Composite Model EV2(6).ElmComp\Battery EV2(6).ElmDsl;0.0
\szafar.IntUser\Larger_network_AB.IntPrj\Network Model.IntPrjfolder\Network Data.IntPrjfolder\Grid.ElmNet\Composite Model EV41(7).ElmComp\Battery EV41(7).ElmDsl;0.0
\szafar.IntUser\Larger_network_AB.IntPrj\Network Model.IntPrjfolder\Network Data.IntPrjfolder\Grid.ElmNet\Composite Model EV48(1).ElmComp\Battery EV48(1).ElmDsl;0.0
\szafar.IntUser\Larger_network_AB.IntPrj\Network Model.IntPrjfolder\Network Data.IntPrjfolder\Grid.ElmNet\Composite Model EV43(3).ElmComp\Battery EV43(3).ElmDsl;0.0
\szafar.IntUser\Larger_network_AB.IntPrj\Network Model.IntPrjfolder\Network Data.IntPrjfolder\Grid.ElmNet\Composite Model EV36.ElmComp\Battery EV36.ElmDsl;0.530784
\szafar.IntUser\Larger_network_AB.IntPrj\Network Model.IntPrjfolder\Network Data.IntPrjfolder\Grid.ElmNet\Composite Model EV24(4).ElmComp\Battery EV24(4).ElmDsl;0.0
\szafar.IntUser\Larger_network_AB.IntPrj\Network Model.IntPrjfolder\Network Data.IntPrjfolder\Grid.ElmNet\Composite Model EV8(8).ElmComp\Battery EV8(8).ElmDsl;0.0
\szafar.IntUser\Larger_network_AB.IntPrj\Network Model.IntPrjfolder\Network Data.IntPrjfolder\Grid.ElmNet\Composite Model EV36(7).ElmComp\Battery EV36(7).ElmDsl;0.530784
\szafar.IntUser\Larger_network_AB.IntPrj\Network Model.IntPrjfolder\Network Data.IntPrjfolder\Grid.ElmNet\Composite Model EV35(1).ElmComp\Battery EV35(1).ElmDsl;0.594299
\szafar.IntUser\Larger_network_AB.IntPrj\Network Model.IntPrjfolder\Network Data.IntPrjfolder\Grid.ElmNet\Composite Model EV30(1).ElmComp\Battery EV30(1).ElmDsl;0.487255
\szafar.IntUser\Larger_network_AB.IntPrj\Network Model.IntPrjfolder\Network Data.IntPrjfolder\Grid.ElmNet\Composite Model EV13.ElmComp\Battery EV13.ElmDsl;0.0
\szafar.IntUser\Larger_network_AB.IntPrj\Network Model.IntPrjfolder\Network Data.IntPrjfolder\Grid.ElmNet\Composite Model EV50(8).ElmComp\Battery EV50(8).ElmDsl;0.0
\szafar.IntUser\Larger_network_AB.IntPrj\Network Model.IntPrjfolder\Network Data.IntPrjfolder\Grid.ElmNet\Composite Model EV19(4).ElmComp\Battery EV19(4).ElmDsl;0.0
\szafar.IntUser\Larger_network_AB.IntPrj\Network Model.IntPrjfolder\Network Data.IntPrjfolder\Grid.ElmNet\Composite Model EV38(3).ElmComp\Battery EV38(3).ElmDsl;0.0
\szafar.IntUser\Larger_network_AB.IntPrj\Network Model.IntPrjfolder\Network Data.IntPrjfolder\Grid.ElmNet\Composite Model EV14(6).ElmComp\Battery EV14(6).ElmDsl;0.630885
\szafar.IntUser\Larger_network_AB.IntPrj\Network Model.IntPrjfolder\Network Data.IntPrjfolder\Grid.ElmNet\Composite Model EV33(5).ElmComp\Battery EV33(5).ElmDsl;0.659971
\szafar.IntUser\Larger_network_AB.IntPrj\Network Model.IntPrjfolder\Network Data.IntPrjfolder\Grid.ElmNet\Composite Model EV52(4).ElmComp\Battery EV52(4).ElmDsl;0.0
\szafar.IntUser\Larger_network_AB.IntPrj\Network Model.IntPrjfolder\Network Data.IntPrjfolder\Grid.ElmNet\Composite Model EV20(5).ElmComp\Battery EV20(5).ElmDsl;0.473912
\szafar.IntUser\Larger_network_AB.IntPrj\Network Model.IntPrjfolder\Network Data.IntPrjfolder\Grid.ElmNet\Composite Model EV17(1).ElmComp\Battery EV17(1).ElmDsl;0.469312
\szafar.IntUser\Larger_network_AB.IntPrj\Network Model.IntPrjfolder\Network Data.IntPrjfolder\Grid.ElmNet\Composite Model EV42(6).ElmComp\Battery EV42(6).ElmDsl;0.0
\szafar.IntUser\Larger_network_AB.IntPrj\Network Model.IntPrjfolder\Network Data.IntPrjfolder\Grid.ElmNet\Composite Model EV25(3).ElmComp\Battery EV25(3).ElmDsl;0.0
\szafar.IntUser\Larger_network_AB.IntPrj\Network Model.IntPrjfolder\Network Data.IntPrjfolder\Grid.ElmNet\Composite Model EV44(2).ElmComp\Battery EV44(2).ElmDsl;0.0
\szafar.IntUser\Larger_network_AB.IntPrj\Network Model.IntPrjfolder\Network Data.IntPrjfolder\Grid.ElmNet\Composite Model EV12(3).ElmComp\Battery EV12(3).ElmDsl;0.0
\szafar.IntUser\Larger_network_AB.IntPrj\Network Model.IntPrjfolder\Network Data.IntPrjfolder\Grid.ElmNet\Composite Model EV2.ElmComp\Battery EV2.ElmDsl;0.0
\szafar.IntUser\Larger_network_AB.IntPrj\Network Model.IntPrjfolder\Network Data.IntPrjfolder\Grid.ElmNet\Composite Model EV22(1).ElmComp\Battery EV22(1).ElmDsl;0.598099
\szafar.IntUser\Larger_network_AB.IntPrj\Network Model.IntPrjfolder\Network Data.IntPrjfolder\Grid.ElmNet\Composite Model EV51(7).ElmComp\Battery EV51(7).ElmDsl;0.0
\szafar.IntUser\Larger_network_AB.IntPrj\Network Model.IntPrjfolder\Network Data.IntPrjfolder\Grid.ElmNet\Composite Model EV32(8).ElmComp\Battery EV32(8).ElmDsl;0.471812
\szafar.IntUser\Larger_network_AB.IntPrj\Network Model.IntPrjfolder\Network Data.IntPrjfolder\Grid.ElmNet\Composite Model EV53(3).ElmComp\Battery EV53(3).ElmDsl;0.0
\szafar.IntUser\Larger_network_AB.IntPrj\Network Model.IntPrjfolder\Network Data.IntPrjfolder\Grid.ElmNet\Composite Model EV15(5).ElmComp\Battery EV15(5).ElmDsl;0.660171
\szafar.IntUser\Larger_network_AB.IntPrj\Network Model.IntPrjfolder\Network Data.IntPrjfolder\Grid.ElmNet\Composite Model EV34(4).ElmComp\Battery EV34(4).ElmDsl;0.0
\szafar.IntUser\Larger_network_AB.IntPrj\Network Model.IntPrjfolder\Network Data.IntPrjfolder\Grid.ElmNet\Composite Model EV10(7).ElmComp\Battery EV10(7).ElmDsl;0.0
\szafar.IntUser\Larger_network_AB.IntPrj\Network Model.IntPrjfolder\Network Data.IntPrjfolder\Grid.ElmNet\Composite Model EV51(3).ElmComp\Battery EV51(3).ElmDsl;0.0
\szafar.IntUser\Larger_network_AB.IntPrj\Network Model.IntPrjfolder\Network Data.IntPrjfolder\Grid.ElmNet\Composite Model EV47(6).ElmComp\Battery EV47(6).ElmDsl;0.0
\szafar.IntUser\Larger_network_AB.IntPrj\Network Model.IntPrjfolder\Network Data.IntPrjfolder\Grid.ElmNet\Composite Model EV21(4).ElmComp\Battery EV21(4).ElmDsl;0.0
\szafar.IntUser\Larger_network_AB.IntPrj\Network Model.IntPrjfolder\Network Data.IntPrjfolder\Grid.ElmNet\Composite Model EV10(3).ElmComp\Battery EV10(3).ElmDsl;0.0
\szafar.IntUser\Larger_network_AB.IntPrj\Network Model.IntPrjfolder\Network Data.IntPrjfolder\Grid.ElmNet\Composite Model EV5(4).ElmComp\Battery EV5(4).ElmDsl;0.0
\szafar.IntUser\Larger_network_AB.IntPrj\Network Model.IntPrjfolder\Network Data.IntPrjfolder\Grid.ElmNet\Composite Model EV49(2).ElmComp\Battery EV49(2).ElmDsl;0.0
\szafar.IntUser\Larger_network_AB.IntPrj\Network Model.IntPrjfolder\Network Data.IntPrjfolder\Grid.ElmNet\Composite Model EV28(7).ElmComp\Battery EV28(7).ElmDsl;0.650228
\szafar.IntUser\Larger_network_AB.IntPrj\Network Model.IntPrjfolder\Network Data.IntPrjfolder\Grid.ElmNet\Composite Model EV38.ElmComp\Battery EV38.ElmDsl;0.659471
\szafar.IntUser\Larger_network_AB.IntPrj\Network Model.IntPrjfolder\Network Data.IntPrjfolder\Grid.ElmNet\Composite Model EV40(3).ElmComp\Battery EV40(3).ElmDsl;0.0
\szafar.IntUser\Larger_network_AB.IntPrj\Network Model.IntPrjfolder\Network Data.IntPrjfolder\Grid.ElmNet\Composite Model EV2(2).ElmComp\Battery EV2(2).ElmDsl;0.0
\szafar.IntUser\Larger_network_AB.IntPrj\Network Model.IntPrjfolder\Network Data.IntPrjfolder\Grid.ElmNet\Composite Model EV8(4).ElmComp\Battery EV8(4).ElmDsl;0.0
\szafar.IntUser\Larger_network_AB.IntPrj\Network Model.IntPrjfolder\Network Data.IntPrjfolder\Grid.ElmNet\Composite Model EV35.ElmComp\Battery EV35.ElmDsl;0.594299
\szafar.IntUser\Larger_network_AB.IntPrj\Network Model.IntPrjfolder\Network Data.IntPrjfolder\Grid.ElmNet\Composite Model EV26.ElmComp\Battery EV26.ElmDsl;0.608042
\szafar.IntUser\Larger_network_AB.IntPrj\Network Model.IntPrjfolder\Network Data.IntPrjfolder\Grid.ElmNet\Composite Model EV48(5).ElmComp\Battery EV48(5).ElmDsl;0.0
\szafar.IntUser\Larger_network_AB.IntPrj\Network Model.IntPrjfolder\Network Data.IntPrjfolder\Grid.ElmNet\Composite Model EV24(8).ElmComp\Battery EV24(8).ElmDsl;0.487355
\szafar.IntUser\Larger_network_AB.IntPrj\Network Model.IntPrjfolder\Network Data.IntPrjfolder\Grid.ElmNet\Composite Model EV17(8).ElmComp\Battery EV17(8).ElmDsl;0.469312
\szafar.IntUser\Larger_network_AB.IntPrj\Network Model.IntPrjfolder\Network Data.IntPrjfolder\Grid.ElmNet\Composite Model EV54(7).ElmComp\Battery EV54(7).ElmDsl;0.0
\szafar.IntUser\Larger_network_AB.IntPrj\Network Model.IntPrjfolder\Network Data.IntPrjfolder\Grid.ElmNet\Composite Model EV11(2).ElmComp\Battery EV11(2).ElmDsl;0.0
\szafar.IntUser\Larger_network_AB.IntPrj\Network Model.IntPrjfolder\Network Data.IntPrjfolder\Grid.ElmNet\Composite Model EV6(7).ElmComp\Battery EV6(7).ElmDsl;0.0
\szafar.IntUser\Larger_network_AB.IntPrj\Network Model.IntPrjfolder\Network Data.IntPrjfolder\Grid.ElmNet\Composite Model EV3(3).ElmComp\Battery EV3(3).ElmDsl;0.540578
\szafar.IntUser\Larger_network_AB.IntPrj\Network Model.IntPrjfolder\Network Data.IntPrjfolder\Grid.ElmNet\Composite Model EV26(4).ElmComp\Battery EV26(4).ElmDsl;0.0
\szafar.IntUser\Larger_network_AB.IntPrj\Network Model.IntPrjfolder\Network Data.IntPrjfolder\Grid.ElmNet\Composite Model EV29(6).ElmComp\Battery EV29(6).ElmDsl;0.653371
\szafar.IntUser\Larger_network_AB.IntPrj\Network Model.IntPrjfolder\Network Data.IntPrjfolder\Grid.ElmNet\Composite Model EV43(7).ElmComp\Battery EV43(7).ElmDsl;0.0
\szafar.IntUser\Larger_network_AB.IntPrj\Network Model.IntPrjfolder\Network Data.IntPrjfolder\Grid.ElmNet\Composite Model EV35(8).ElmComp\Battery EV35(8).ElmDsl;0.594299
\szafar.IntUser\Larger_network_AB.IntPrj\Network Model.IntPrjfolder\Network Data.IntPrjfolder\Grid.ElmNet\Composite Model EV4(3).ElmComp\Battery EV4(3).ElmDsl;0.653152
\szafar.IntUser\Larger_network_AB.IntPrj\Network Model.IntPrjfolder\Network Data.IntPrjfolder\Grid.ElmNet\Composite Model EV7(1).ElmComp\Battery EV7(1).ElmDsl;0.0
\szafar.IntUser\Larger_network_AB.IntPrj\Network Model.IntPrjfolder\Network Data.IntPrjfolder\Grid.ElmNet\Composite Model EV37(4).ElmComp\Battery EV37(4).ElmDsl;0.0
\szafar.IntUser\Larger_network_AB.IntPrj\Network Model.IntPrjfolder\Network Data.IntPrjfolder\Grid.ElmNet\Composite Model EV18(5).ElmComp\Battery EV18(5).ElmDsl;0.55037
\szafar.IntUser\Larger_network_AB.IntPrj\Network Model.IntPrjfolder\Network Data.IntPrjfolder\Grid.ElmNet\Composite Model EV46(1).ElmComp\Battery EV46(1).ElmDsl;0.0
\szafar.IntUser\Larger_network_AB.IntPrj\Network Model.IntPrjfolder\Network Data.IntPrjfolder\Grid.ElmNet\Composite Model EV52(8).ElmComp\Battery EV52(8).ElmDsl;0.0
\szafar.IntUser\Larger_network_AB.IntPrj\Network Model.IntPrjfolder\Network Data.IntPrjfolder\Grid.ElmNet\Composite Model EV45.ElmComp\Battery EV45.ElmDsl;0.613756
\szafar.IntUser\Larger_network_AB.IntPrj\Network Model.IntPrjfolder\Network Data.IntPrjfolder\Grid.ElmNet\Composite Model EV44(5).ElmComp\Battery EV44(5).ElmDsl;0.0
\szafar.IntUser\Larger_network_AB.IntPrj\Network Model.IntPrjfolder\Network Data.IntPrjfolder\Grid.ElmNet\Composite Model EV45(3).ElmComp\Battery EV45(3).ElmDsl;0.0
\szafar.IntUser\Larger_network_AB.IntPrj\Network Model.IntPrjfolder\Network Data.IntPrjfolder\Grid.ElmNet\Composite Model EV9(5).ElmComp\Battery EV9(5).ElmDsl;0.0
\szafar.IntUser\Larger_network_AB.IntPrj\Network Model.IntPrjfolder\Network Data.IntPrjfolder\Grid.ElmNet\Composite Model EV21(7).ElmComp\Battery EV21(7).ElmDsl;0.659871
\szafar.IntUser\Larger_network_AB.IntPrj\Network Model.IntPrjfolder\Network Data.IntPrjfolder\Grid.ElmNet\Composite Model EV27(2).ElmComp\Battery EV27(2).ElmDsl;0.500798
\szafar.IntUser\Larger_network_AB.IntPrj\Network Model.IntPrjfolder\Network Data.IntPrjfolder\Grid.ElmNet\Composite Model EV37(1).ElmComp\Battery EV37(1).ElmDsl;0.486655
\szafar.IntUser\Larger_network_AB.IntPrj\Network Model.IntPrjfolder\Network Data.IntPrjfolder\Grid.ElmNet\Composite Model EV18(2).ElmComp\Battery EV18(2).ElmDsl;0.55037
\szafar.IntUser\Larger_network_AB.IntPrj\Network Model.IntPrjfolder\Network Data.IntPrjfolder\Grid.ElmNet\Composite Model EV53(6).ElmComp\Battery EV53(6).ElmDsl;0.0
\szafar.IntUser\Larger_network_AB.IntPrj\Network Model.IntPrjfolder\Network Data.IntPrjfolder\Grid.ElmNet\Composite Model EV34(7).ElmComp\Battery EV34(7).ElmDsl;0.660171
\szafar.IntUser\Larger_network_AB.IntPrj\Network Model.IntPrjfolder\Network Data.IntPrjfolder\Grid.ElmNet\Composite Model EV15(8).ElmComp\Battery EV15(8).ElmDsl;0.660171
\szafar.IntUser\Larger_network_AB.IntPrj\Network Model.IntPrjfolder\Network Data.IntPrjfolder\Grid.ElmNet\Composite Model EV16(6).ElmComp\Battery EV16(6).ElmDsl;0.45114
\szafar.IntUser\Larger_network_AB.IntPrj\Network Model.IntPrjfolder\Network Data.IntPrjfolder\Grid.ElmNet\Composite Model EV54(4).ElmComp\Battery EV54(4).ElmDsl;0.0
\szafar.IntUser\Larger_network_AB.IntPrj\Network Model.IntPrjfolder\Network Data.IntPrjfolder\Grid.ElmNet\Composite Model EV35(5).ElmComp\Battery EV35(5).ElmDsl;0.594299
\szafar.IntUser\Larger_network_AB.IntPrj\Network Model.IntPrjfolder\Network Data.IntPrjfolder\Grid.ElmNet\Composite Model EV36(3).ElmComp\Battery EV36(3).ElmDsl;0.0
\szafar.IntUser\Larger_network_AB.IntPrj\Network Model.IntPrjfolder\Network Data.IntPrjfolder\Grid.ElmNet\Composite Model EV55(2).ElmComp\Battery EV55(2).ElmDsl;0.0
\szafar.IntUser\Larger_network_AB.IntPrj\Network Model.IntPrjfolder\Network Data.IntPrjfolder\Grid.ElmNet\Composite Model EV17(4).ElmComp\Battery EV17(4).ElmDsl;0.0
\szafar.IntUser\Larger_network_AB.IntPrj\Network Model.IntPrjfolder\Network Data.IntPrjfolder\Grid.ElmNet\Composite Model EV40(6).ElmComp\Battery EV40(6).ElmDsl;0.648428
\szafar.IntUser\Larger_network_AB.IntPrj\Network Model.IntPrjfolder\Network Data.IntPrjfolder\Grid.ElmNet\Composite Model EV13(5).ElmComp\Battery EV13(5).ElmDsl;0.0
\szafar.IntUser\Larger_network_AB.IntPrj\Network Model.IntPrjfolder\Network Data.IntPrjfolder\Grid.ElmNet\Composite Model EV23(3).ElmComp\Battery EV23(3).ElmDsl;0.0
\szafar.IntUser\Larger_network_AB.IntPrj\Network Model.IntPrjfolder\Network Data.IntPrjfolder\Grid.ElmNet\Composite Model EV30(8).ElmComp\Battery EV30(8).ElmDsl;0.487255
\szafar.IntUser\Larger_network_AB.IntPrj\Network Model.IntPrjfolder\Network Data.IntPrjfolder\Grid.ElmNet\Composite Model EV24(1).ElmComp\Battery EV24(1).ElmDsl;0.487355
\szafar.IntUser\Larger_network_AB.IntPrj\Network Model.IntPrjfolder\Network Data.IntPrjfolder\Grid.ElmNet\Composite Model EV41(1).ElmComp\Battery EV41(1).ElmDsl;0.0
\szafar.IntUser\Larger_network_AB.IntPrj\Network Model.IntPrjfolder\Network Data.IntPrjfolder\Grid.ElmNet\Composite Model EV41(4).ElmComp\Battery EV41(4).ElmDsl;0.0
\szafar.IntUser\Larger_network_AB.IntPrj\Network Model.IntPrjfolder\Network Data.IntPrjfolder\Grid.ElmNet\Composite Model EV22(5).ElmComp\Battery EV22(5).ElmDsl;0.598099
\szafar.IntUser\Larger_network_AB.IntPrj\Network Model.IntPrjfolder\Network Data.IntPrjfolder\Grid.ElmNet\Composite Model EV7(2).ElmComp\Battery EV7(2).ElmDsl;0.0
\szafar.IntUser\Larger_network_AB.IntPrj\Network Model.IntPrjfolder\Network Data.IntPrjfolder\Grid.ElmNet\Composite Model EV32(4).ElmComp\Battery EV32(4).ElmDsl;0.0
\szafar.IntUser\Larger_network_AB.IntPrj\Network Model.IntPrjfolder\Network Data.IntPrjfolder\Grid.ElmNet\Composite Model EV50(1).ElmComp\Battery EV50(1).ElmDsl;0.0
\szafar.IntUser\Larger_network_AB.IntPrj\Network Model.IntPrjfolder\Network Data.IntPrjfolder\Grid.ElmNet\Composite Model EV42(2).ElmComp\Battery EV42(2).ElmDsl;0.0
\szafar.IntUser\Larger_network_AB.IntPrj\Network Model.IntPrjfolder\Network Data.IntPrjfolder\Grid.ElmNet\Composite Model EV3(8).ElmComp\Battery EV3(8).ElmDsl;0.540578
\szafar.IntUser\Larger_network_AB.IntPrj\Network Model.IntPrjfolder\Network Data.IntPrjfolder\Grid.ElmNet\Composite Model EV15(1).ElmComp\Battery EV15(1).ElmDsl;0.660171
\szafar.IntUser\Larger_network_AB.IntPrj\Network Model.IntPrjfolder\Network Data.IntPrjfolder\Grid.ElmNet\Composite Model EV6(6).ElmComp\Battery EV6(6).ElmDsl;0.0
\szafar.IntUser\Larger_network_AB.IntPrj\Network Model.IntPrjfolder\Network Data.IntPrjfolder\Grid.ElmNet\Composite Model EV31(6).ElmComp\Battery EV31(6).ElmDsl;0.616099
\szafar.IntUser\Larger_network_AB.IntPrj\Network Model.IntPrjfolder\Network Data.IntPrjfolder\Grid.ElmNet\Composite Model EV12(7).ElmComp\Battery EV12(7).ElmDsl;0.0
\szafar.IntUser\Larger_network_AB.IntPrj\Network Model.IntPrjfolder\Network Data.IntPrjfolder\Grid.ElmNet\Composite Model EV14(3).ElmComp\Battery EV14(3).ElmDsl;0.0
\szafar.IntUser\Larger_network_AB.IntPrj\Network Model.IntPrjfolder\Network Data.IntPrjfolder\Grid.ElmNet\Composite Model EV33(2).ElmComp\Battery EV33(2).ElmDsl;0.659971
\szafar.IntUser\Larger_network_AB.IntPrj\Network Model.IntPrjfolder\Network Data.IntPrjfolder\Grid.ElmNet\Composite Model EV50(5).ElmComp\Battery EV50(5).ElmDsl;0.0
\szafar.IntUser\Larger_network_AB.IntPrj\Network Model.IntPrjfolder\Network Data.IntPrjfolder\Grid.ElmNet\Composite Model EV31(2).ElmComp\Battery EV31(2).ElmDsl;0.616099
\szafar.IntUser\Larger_network_AB.IntPrj\Network Model.IntPrjfolder\Network Data.IntPrjfolder\Grid.ElmNet\Composite Model EV6.ElmComp\Battery EV6.ElmDsl;0.0
\szafar.IntUser\Larger_network_AB.IntPrj\Network Model.IntPrjfolder\Network Data.IntPrjfolder\Grid.ElmNet\Composite Model EV37(8).ElmComp\Battery EV37(8).ElmDsl;0.486655
\szafar.IntUser\Larger_network_AB.IntPrj\Network Model.IntPrjfolder\Network Data.IntPrjfolder\Grid.ElmNet\Composite Model EV23.ElmComp\Battery EV23.ElmDsl;0.657271
\szafar.IntUser\Larger_network_AB.IntPrj\Network Model.IntPrjfolder\Network Data.IntPrjfolder\Grid.ElmNet\Composite Model EV13(1).ElmComp\Battery EV13(1).ElmDsl;0.0
\szafar.IntUser\Larger_network_AB.IntPrj\Network Model.IntPrjfolder\Network Data.IntPrjfolder\Grid.ElmNet\Composite Model EV49(6).ElmComp\Battery EV49(6).ElmDsl;0.0
\szafar.IntUser\Larger_network_AB.IntPrj\Network Model.IntPrjfolder\Network Data.IntPrjfolder\Grid.ElmNet\Composite Model EV48(8).ElmComp\Battery EV48(8).ElmDsl;0.0
\szafar.IntUser\Larger_network_AB.IntPrj\Network Model.IntPrjfolder\Network Data.IntPrjfolder\Grid.ElmNet\Composite Model EV20(2).ElmComp\Battery EV20(2).ElmDsl;0.473912
\szafar.IntUser\Larger_network_AB.IntPrj\Network Model.IntPrjfolder\Network Data.IntPrjfolder\Grid.ElmNet\Composite Model EV5(5).ElmComp\Battery EV5(5).ElmDsl;0.0
\szafar.IntUser\Larger_network_AB.IntPrj\Network Model.IntPrjfolder\Network Data.IntPrjfolder\Grid.ElmNet\Composite Model EV2(1).ElmComp\Battery EV2(1).ElmDsl;0.0
\szafar.IntUser\Larger_network_AB.IntPrj\Network Model.IntPrjfolder\Network Data.IntPrjfolder\Grid.ElmNet\Composite Model EV45(7).ElmComp\Battery EV45(7).ElmDsl;0.0
\szafar.IntUser\Larger_network_AB.IntPrj\Network Model.IntPrjfolder\Network Data.IntPrjfolder\Grid.ElmNet\Composite Model EV8(3).ElmComp\Battery EV8(3).ElmDsl;0.0
\szafar.IntUser\Larger_network_AB.IntPrj\Network Model.IntPrjfolder\Network Data.IntPrjfolder\Grid.ElmNet\Composite Model EV29(2).ElmComp\Battery EV29(2).ElmDsl;0.653371
\szafar.IntUser\Larger_network_AB.IntPrj\Network Model.IntPrjfolder\Network Data.IntPrjfolder\Grid.ElmNet\Composite Model EV27(6).ElmComp\Battery EV27(6).ElmDsl;0.500798
\szafar.IntUser\Larger_network_AB.IntPrj\Network Model.IntPrjfolder\Network Data.IntPrjfolder\Grid.ElmNet\Composite Model EV46(5).ElmComp\Battery EV46(5).ElmDsl;0.0
\szafar.IntUser\Larger_network_AB.IntPrj\Network Model.IntPrjfolder\Network Data.IntPrjfolder\Grid.ElmNet\Composite Model EV16.ElmComp\Battery EV16.ElmDsl;0.45114
\szafar.IntUser\Larger_network_AB.IntPrj\Network Model.IntPrjfolder\Network Data.IntPrjfolder\Grid.ElmNet\Composite Model EV52.ElmComp\Battery EV52.ElmDsl;0.639128
\szafar.IntUser\Larger_network_AB.IntPrj\Network Model.IntPrjfolder\Network Data.IntPrjfolder\Grid.ElmNet\Composite Model EV28(4).ElmComp\Battery EV28(4).ElmDsl;0.0
\szafar.IntUser\Larger_network_AB.IntPrj\Network Model.IntPrjfolder\Network Data.IntPrjfolder\Grid.ElmNet\Composite Model EV39(4).ElmComp\Battery EV39(4).ElmDsl;0.0
\szafar.IntUser\Larger_network_AB.IntPrj\Network Model.IntPrjfolder\Network Data.IntPrjfolder\Grid.ElmNet\Composite Model EV26(8).ElmComp\Battery EV26(8).ElmDsl;0.608042
\szafar.IntUser\Larger_network_AB.IntPrj\Network Model.IntPrjfolder\Network Data.IntPrjfolder\Grid.ElmNet\Composite Model EV19(7).ElmComp\Battery EV19(7).ElmDsl;0.511941
\szafar.IntUser\Larger_network_AB.IntPrj\Network Model.IntPrjfolder\Network Data.IntPrjfolder\Grid.ElmNet\Composite Model EV38(6).ElmComp\Battery EV38(6).ElmDsl;0.659471
\szafar.IntUser\Larger_network_AB.IntPrj\Network Model.IntPrjfolder\Network Data.IntPrjfolder\Grid.ElmNet\Composite Model EV2(7).ElmComp\Battery EV2(7).ElmDsl;0.0
\szafar.IntUser\Larger_network_AB.IntPrj\Network Model.IntPrjfolder\Network Data.IntPrjfolder\Grid.ElmNet\Composite Model EV39(1).ElmComp\Battery EV39(1).ElmDsl;0.623285
\szafar.IntUser\Larger_network_AB.IntPrj\Network Model.IntPrjfolder\Network Data.IntPrjfolder\Grid.ElmNet\Composite Model EV30(2).ElmComp\Battery EV30(2).ElmDsl;0.487255
\szafar.IntUser\Larger_network_AB.IntPrj\Network Model.IntPrjfolder\Network Data.IntPrjfolder\Grid.ElmNet\Composite Model EV25(2).ElmComp\Battery EV25(2).ElmDsl;0.490855
\szafar.IntUser\Larger_network_AB.IntPrj\Network Model.IntPrjfolder\Network Data.IntPrjfolder\Grid.ElmNet\Composite Model EV20(4).ElmComp\Battery EV20(4).ElmDsl;0.0
\szafar.IntUser\Larger_network_AB.IntPrj\Network Model.IntPrjfolder\Network Data.IntPrjfolder\Grid.ElmNet\Composite Model EV54.ElmComp\Battery EV54.ElmDsl;0.660171
\szafar.IntUser\Larger_network_AB.IntPrj\Network Model.IntPrjfolder\Network Data.IntPrjfolder\Grid.ElmNet\Composite Model EV29(3).ElmComp\Battery EV29(3).ElmDsl;0.0
\szafar.IntUser\Larger_network_AB.IntPrj\Network Model.IntPrjfolder\Network Data.IntPrjfolder\Grid.ElmNet\Composite Model EV24(5).ElmComp\Battery EV24(5).ElmDsl;0.487355
\szafar.IntUser\Larger_network_AB.IntPrj\Network Model.IntPrjfolder\Network Data.IntPrjfolder\Grid.ElmNet\Composite Model EV44(1).ElmComp\Battery EV44(1).ElmDsl;0.0
\szafar.IntUser\Larger_network_AB.IntPrj\Network Model.IntPrjfolder\Network Data.IntPrjfolder\Grid.ElmNet\Composite Model EV49(8).ElmComp\Battery EV49(8).ElmDsl;0.0
\szafar.IntUser\Larger_network_AB.IntPrj\Network Model.IntPrjfolder\Network Data.IntPrjfolder\Grid.ElmNet\Composite Model EV54(8).ElmComp\Battery EV54(8).ElmDsl;0.0
\szafar.IntUser\Larger_network_AB.IntPrj\Network Model.IntPrjfolder\Network Data.IntPrjfolder\Grid.ElmNet\Composite Model EV10(6).ElmComp\Battery EV10(6).ElmDsl;0.0
\szafar.IntUser\Larger_network_AB.IntPrj\Network Model.IntPrjfolder\Network Data.IntPrjfolder\Grid.ElmNet\Composite Model EV18(8).ElmComp\Battery EV18(8).ElmDsl;0.55037
\szafar.IntUser\Larger_network_AB.IntPrj\Network Model.IntPrjfolder\Network Data.IntPrjfolder\Grid.ElmNet\Composite Model EV31.ElmComp\Battery EV31.ElmDsl;0.616099
\szafar.IntUser\Larger_network_AB.IntPrj\Network Model.IntPrjfolder\Network Data.IntPrjfolder\Grid.ElmNet\Composite Model EV34(3).ElmComp\Battery EV34(3).ElmDsl;0.0
\szafar.IntUser\Larger_network_AB.IntPrj\Network Model.IntPrjfolder\Network Data.IntPrjfolder\Grid.ElmNet\Composite Model EV15(4).ElmComp\Battery EV15(4).ElmDsl;0.0
\szafar.IntUser\Larger_network_AB.IntPrj\Network Model.IntPrjfolder\Network Data.IntPrjfolder\Grid.ElmNet\Composite Model EV53(2).ElmComp\Battery EV53(2).ElmDsl;0.0
\szafar.IntUser\Larger_network_AB.IntPrj\Network Model.IntPrjfolder\Network Data.IntPrjfolder\Grid.ElmNet\Composite Model EV1(1).ElmComp\Battery EV1(1).ElmDsl;0.0
\szafar.IntUser\Larger_network_AB.IntPrj\Network Model.IntPrjfolder\Network Data.IntPrjfolder\Grid.ElmNet\Composite Model EV33(6).ElmComp\Battery EV33(6).ElmDsl;0.659971
\szafar.IntUser\Larger_network_AB.IntPrj\Network Model.IntPrjfolder\Network Data.IntPrjfolder\Grid.ElmNet\Composite Model EV55.ElmComp\Battery EV55.ElmDsl;0.500798
\szafar.IntUser\Larger_network_AB.IntPrj\Network Model.IntPrjfolder\Network Data.IntPrjfolder\Grid.ElmNet\Composite Model EV23(8).ElmComp\Battery EV23(8).ElmDsl;0.657271
\szafar.IntUser\Larger_network_AB.IntPrj\Network Model.IntPrjfolder\Network Data.IntPrjfolder\Grid.ElmNet\Composite Model EV1(6).ElmComp\Battery EV1(6).ElmDsl;0.0
\szafar.IntUser\Larger_network_AB.IntPrj\Network Model.IntPrjfolder\Network Data.IntPrjfolder\Grid.ElmNet\Composite Model EV28(6).ElmComp\Battery EV28(6).ElmDsl;0.650228
\szafar.IntUser\Larger_network_AB.IntPrj\Network Model.IntPrjfolder\Network Data.IntPrjfolder\Grid.ElmNet\Composite Model EV47(5).ElmComp\Battery EV47(5).ElmDsl;0.0
\szafar.IntUser\Larger_network_AB.IntPrj\Network Model.IntPrjfolder\Network Data.IntPrjfolder\Grid.ElmNet\Composite Model EV30.ElmComp\Battery EV30.ElmDsl;0.487255
\szafar.IntUser\Larger_network_AB.IntPrj\Network Model.IntPrjfolder\Network Data.IntPrjfolder\Grid.ElmNet\Composite Model EV48(2).ElmComp\Battery EV48(2).ElmDsl;0.0
\szafar.IntUser\Larger_network_AB.IntPrj\Network Model.IntPrjfolder\Network Data.IntPrjfolder\Grid.ElmNet\Composite Model EV43(4).ElmComp\Battery EV43(4).ElmDsl;0.0
\szafar.IntUser\Larger_network_AB.IntPrj\Network Model.IntPrjfolder\Network Data.IntPrjfolder\Grid.ElmNet\Composite Model EV52(5).ElmComp\Battery EV52(5).ElmDsl;0.0
\szafar.IntUser\Larger_network_AB.IntPrj\Network Model.IntPrjfolder\Network Data.IntPrjfolder\Grid.ElmNet\Composite Model EV14(7).ElmComp\Battery EV14(7).ElmDsl;0.630885
\szafar.IntUser\Larger_network_AB.IntPrj\Network Model.IntPrjfolder\Network Data.IntPrjfolder\Grid.ElmNet\Composite Model EV42(7).ElmComp\Battery EV42(7).ElmDsl;0.0
\szafar.IntUser\Larger_network_AB.IntPrj\Network Model.IntPrjfolder\Network Data.IntPrjfolder\Grid.ElmNet\Composite Model EV3(2).ElmComp\Battery EV3(2).ElmDsl;0.540578
\szafar.IntUser\Larger_network_AB.IntPrj\Network Model.IntPrjfolder\Network Data.IntPrjfolder\Grid.ElmNet\Composite Model EV52(1).ElmComp\Battery EV52(1).ElmDsl;0.0
\szafar.IntUser\Larger_network_AB.IntPrj\Network Model.IntPrjfolder\Network Data.IntPrjfolder\Grid.ElmNet\Composite Model EV38(4).ElmComp\Battery EV38(4).ElmDsl;0.0
\szafar.IntUser\Larger_network_AB.IntPrj\Network Model.IntPrjfolder\Network Data.IntPrjfolder\Grid.ElmNet\Composite Model EV19(5).ElmComp\Battery EV19(5).ElmDsl;0.511941
\szafar.IntUser\Larger_network_AB.IntPrj\Network Model.IntPrjfolder\Network Data.IntPrjfolder\Grid.ElmNet\Composite Model EV37(3).ElmComp\Battery EV37(3).ElmDsl;0.0
\szafar.IntUser\Larger_network_AB.IntPrj\Network Model.IntPrjfolder\Network Data.IntPrjfolder\Grid.ElmNet\Composite Model EV17(7).ElmComp\Battery EV17(7).ElmDsl;0.469312
\szafar.IntUser\Larger_network_AB.IntPrj\Network Model.IntPrjfolder\Network Data.IntPrjfolder\Grid.ElmNet\Composite Model EV46(8).ElmComp\Battery EV46(8).ElmDsl;0.0
\szafar.IntUser\Larger_network_AB.IntPrj\Network Model.IntPrjfolder\Network Data.IntPrjfolder\Grid.ElmNet\Composite Model EV22(2).ElmComp\Battery EV22(2).ElmDsl;0.598099
\szafar.IntUser\Larger_network_AB.IntPrj\Network Model.IntPrjfolder\Network Data.IntPrjfolder\Grid.ElmNet\Composite Model EV8(5).ElmComp\Battery EV8(5).ElmDsl;0.0
\szafar.IntUser\Larger_network_AB.IntPrj\Network Model.IntPrjfolder\Network Data.IntPrjfolder\Grid.ElmNet\Composite Model EV6(1).ElmComp\Battery EV6(1).ElmDsl;0.0
\szafar.IntUser\Larger_network_AB.IntPrj\Network Model.IntPrjfolder\Network Data.IntPrjfolder\Grid.ElmNet\Composite Model EV9(8).ElmComp\Battery EV9(8).ElmDsl;0.0
\szafar.IntUser\Larger_network_AB.IntPrj\Network Model.IntPrjfolder\Network Data.IntPrjfolder\Grid.ElmNet\Composite Model EV29.ElmComp\Battery EV29.ElmDsl;0.653371
\szafar.IntUser\Larger_network_AB.IntPrj\Network Model.IntPrjfolder\Network Data.IntPrjfolder\Grid.ElmNet\Composite Model EV5(3).ElmComp\Battery EV5(3).ElmDsl;0.0
\szafar.IntUser\Larger_network_AB.IntPrj\Network Model.IntPrjfolder\Network Data.IntPrjfolder\Grid.ElmNet\Composite Model EV53.ElmComp\Battery EV53.ElmDsl;0.655471
\szafar.IntUser\Larger_network_AB.IntPrj\Network Model.IntPrjfolder\Network Data.IntPrjfolder\Grid.ElmNet\Composite Model EV51(4).ElmComp\Battery EV51(4).ElmDsl;0.0
\szafar.IntUser\Larger_network_AB.IntPrj\Network Model.IntPrjfolder\Network Data.IntPrjfolder\Grid.ElmNet\Composite Model EV18(4).ElmComp\Battery EV18(4).ElmDsl;0.0
\szafar.IntUser\Larger_network_AB.IntPrj\Network Model.IntPrjfolder\Network Data.IntPrjfolder\Grid.ElmNet\Composite Model EV13(6).ElmComp\Battery EV13(6).ElmDsl;0.0
\szafar.IntUser\Larger_network_AB.IntPrj\Network Model.IntPrjfolder\Network Data.IntPrjfolder\Grid.ElmNet\Composite Model EV32(5).ElmComp\Battery EV32(5).ElmDsl;0.471812
\szafar.IntUser\Larger_network_AB.IntPrj\Network Model.IntPrjfolder\Network Data.IntPrjfolder\Grid.ElmNet\Composite Model EV45(2).ElmComp\Battery EV45(2).ElmDsl;0.0
\szafar.IntUser\Larger_network_AB.IntPrj\Network Model.IntPrjfolder\Network Data.IntPrjfolder\Grid.ElmNet\Composite Model EV55(5).ElmComp\Battery EV55(5).ElmDsl;0.0
\szafar.IntUser\Larger_network_AB.IntPrj\Network Model.IntPrjfolder\Network Data.IntPrjfolder\Grid.ElmNet\Composite Model EV31(8).ElmComp\Battery EV31(8).ElmDsl;0.616099
\szafar.IntUser\Larger_network_AB.IntPrj\Network Model.IntPrjfolder\Network Data.IntPrjfolder\Grid.ElmNet\Composite Model EV49(3).ElmComp\Battery EV49(3).ElmDsl;0.0
\szafar.IntUser\Larger_network_AB.IntPrj\Network Model.IntPrjfolder\Network Data.IntPrjfolder\Grid.ElmNet\Composite Model EV40(4).ElmComp\Battery EV40(4).ElmDsl;0.0
\szafar.IntUser\Larger_network_AB.IntPrj\Network Model.IntPrjfolder\Network Data.IntPrjfolder\Grid.ElmNet\Composite Model EV21(5).ElmComp\Battery EV21(5).ElmDsl;0.659871
\szafar.IntUser\Larger_network_AB.IntPrj\Network Model.IntPrjfolder\Network Data.IntPrjfolder\Grid.ElmNet\Composite Model EV25(6).ElmComp\Battery EV25(6).ElmDsl;0.490855
\szafar.IntUser\Larger_network_AB.IntPrj\Network Model.IntPrjfolder\Network Data.IntPrjfolder\Grid.ElmNet\Composite Model EV26(3).ElmComp\Battery EV26(3).ElmDsl;0.0
\szafar.IntUser\Larger_network_AB.IntPrj\Network Model.IntPrjfolder\Network Data.IntPrjfolder\Grid.ElmNet\Composite Model EV36(6).ElmComp\Battery EV36(6).ElmDsl;0.530784
\szafar.IntUser\Larger_network_AB.IntPrj\Network Model.IntPrjfolder\Network Data.IntPrjfolder\Grid.ElmNet\Composite Model EV20(8).ElmComp\Battery EV20(8).ElmDsl;0.473912
\szafar.IntUser\Larger_network_AB.IntPrj\Network Model.IntPrjfolder\Network Data.IntPrjfolder\Grid.ElmNet\Composite Model EV50(7).ElmComp\Battery EV50(7).ElmDsl;0.0
\szafar.IntUser\Larger_network_AB.IntPrj\Network Model.IntPrjfolder\Network Data.IntPrjfolder\Grid.ElmNet\Composite Model EV11(3).ElmComp\Battery EV11(3).ElmDsl;0.0
\szafar.IntUser\Larger_network_AB.IntPrj\Network Model.IntPrjfolder\Network Data.IntPrjfolder\Grid.ElmNet\Composite Model EV7(4).ElmComp\Battery EV7(4).ElmDsl;0.0
\szafar.IntUser\Larger_network_AB.IntPrj\Network Model.IntPrjfolder\Network Data.IntPrjfolder\Grid.ElmNet\Composite Model EV16(1).ElmComp\Battery EV16(1).ElmDsl;0.45114
\szafar.IntUser\Larger_network_AB.IntPrj\Network Model.IntPrjfolder\Network Data.IntPrjfolder\Grid.ElmNet\Composite Model EV7(7).ElmComp\Battery EV7(7).ElmDsl;0.0
\szafar.IntUser\Larger_network_AB.IntPrj\Network Model.IntPrjfolder\Network Data.IntPrjfolder\Grid.ElmNet\Composite Model EV33.ElmComp\Battery EV33.ElmDsl;0.659971
\szafar.IntUser\Larger_network_AB.IntPrj\Network Model.IntPrjfolder\Network Data.IntPrjfolder\Grid.ElmNet\Composite Model EV25(7).ElmComp\Battery EV25(7).ElmDsl;0.490855
\szafar.IntUser\Larger_network_AB.IntPrj\Network Model.IntPrjfolder\Network Data.IntPrjfolder\Grid.ElmNet\Composite Model EV10(1).ElmComp\Battery EV10(1).ElmDsl;0.0
\szafar.IntUser\Larger_network_AB.IntPrj\Network Model.IntPrjfolder\Network Data.IntPrjfolder\Grid.ElmNet\Composite Model EV10.ElmComp\Battery EV10.ElmDsl;0.0
\szafar.IntUser\Larger_network_AB.IntPrj\Network Model.IntPrjfolder\Network Data.IntPrjfolder\Grid.ElmNet\Composite Model EV43(8).ElmComp\Battery EV43(8).ElmDsl;0.0
\szafar.IntUser\Larger_network_AB.IntPrj\Network Model.IntPrjfolder\Network Data.IntPrjfolder\Grid.ElmNet\Composite Model EV29(8).ElmComp\Battery EV29(8).ElmDsl;0.653371
\szafar.IntUser\Larger_network_AB.IntPrj\Network Model.IntPrjfolder\Network Data.IntPrjfolder\Grid.ElmNet\Composite Model EV5(1).ElmComp\Battery EV5(1).ElmDsl;0.0
\szafar.IntUser\Larger_network_AB.IntPrj\Network Model.IntPrjfolder\Network Data.IntPrjfolder\Grid.ElmNet\Composite Model EV21(6).ElmComp\Battery EV21(6).ElmDsl;0.659871
\szafar.IntUser\Larger_network_AB.IntPrj\Network Model.IntPrjfolder\Network Data.IntPrjfolder\Grid.ElmNet\Composite Model EV40(5).ElmComp\Battery EV40(5).ElmDsl;0.648428
\szafar.IntUser\Larger_network_AB.IntPrj\Network Model.IntPrjfolder\Network Data.IntPrjfolder\Grid.ElmNet\Composite Model EV44(6).ElmComp\Battery EV44(6).ElmDsl;0.0
\szafar.IntUser\Larger_network_AB.IntPrj\Network Model.IntPrjfolder\Network Data.IntPrjfolder\Grid.ElmNet\Composite Model EV14(2).ElmComp\Battery EV14(2).ElmDsl;0.630885
\szafar.IntUser\Larger_network_AB.IntPrj\Network Model.IntPrjfolder\Network Data.IntPrjfolder\Grid.ElmNet\Composite Model EV5(6).ElmComp\Battery EV5(6).ElmDsl;0.0
\szafar.IntUser\Larger_network_AB.IntPrj\Network Model.IntPrjfolder\Network Data.IntPrjfolder\Grid.ElmNet\Composite Model EV4(8).ElmComp\Battery EV4(8).ElmDsl;0.653152
\szafar.IntUser\Larger_network_AB.IntPrj\Network Model.IntPrjfolder\Network Data.IntPrjfolder\Grid.ElmNet\Composite Model EV30(7).ElmComp\Battery EV30(7).ElmDsl;0.487255
\szafar.IntUser\Larger_network_AB.IntPrj\Network Model.IntPrjfolder\Network Data.IntPrjfolder\Grid.ElmNet\Composite Model EV3.ElmComp\Battery EV3.ElmDsl;0.540578
\szafar.IntUser\Larger_network_AB.IntPrj\Network Model.IntPrjfolder\Network Data.IntPrjfolder\Grid.ElmNet\Composite Model EV11(8).ElmComp\Battery EV11(8).ElmDsl;0.0
\szafar.IntUser\Larger_network_AB.IntPrj\Network Model.IntPrjfolder\Network Data.IntPrjfolder\Grid.ElmNet\Composite Model EV39(5).ElmComp\Battery EV39(5).ElmDsl;0.623285
\szafar.IntUser\Larger_network_AB.IntPrj\Network Model.IntPrjfolder\Network Data.IntPrjfolder\Grid.ElmNet\Composite Model EV50(2).ElmComp\Battery EV50(2).ElmDsl;0.0
\szafar.IntUser\Larger_network_AB.IntPrj\Network Model.IntPrjfolder\Network Data.IntPrjfolder\Grid.ElmNet\Composite Model EV8(7).ElmComp\Battery EV8(7).ElmDsl;0.0
\szafar.IntUser\Larger_network_AB.IntPrj\Network Model.IntPrjfolder\Network Data.IntPrjfolder\Grid.ElmNet\Composite Model EV53(7).ElmComp\Battery EV53(7).ElmDsl;0.0
\szafar.IntUser\Larger_network_AB.IntPrj\Network Model.IntPrjfolder\Network Data.IntPrjfolder\Grid.ElmNet\Composite Model EV28.ElmComp\Battery EV28.ElmDsl;0.650228
\szafar.IntUser\Larger_network_AB.IntPrj\Network Model.IntPrjfolder\Network Data.IntPrjfolder\Grid.ElmNet\Composite Model EV33(1).ElmComp\Battery EV33(1).ElmDsl;0.659971
\szafar.IntUser\Larger_network_AB.IntPrj\Network Model.IntPrjfolder\Network Data.IntPrjfolder\Grid.ElmNet\Composite Model EV19(1).ElmComp\Battery EV19(1).ElmDsl;0.511941
\szafar.IntUser\Larger_network_AB.IntPrj\Network Model.IntPrjfolder\Network Data.IntPrjfolder\Grid.ElmNet\Composite Model EV34(8).ElmComp\Battery EV34(8).ElmDsl;0.660171
\szafar.IntUser\Larger_network_AB.IntPrj\Network Model.IntPrjfolder\Network Data.IntPrjfolder\Grid.ElmNet\Composite Model EV8(2).ElmComp\Battery EV8(2).ElmDsl;0.0
\szafar.IntUser\Larger_network_AB.IntPrj\Network Model.IntPrjfolder\Network Data.IntPrjfolder\Grid.ElmNet\Composite Model EV28(1).ElmComp\Battery EV28(1).ElmDsl;0.650228
\szafar.IntUser\Larger_network_AB.IntPrj\Network Model.IntPrjfolder\Network Data.IntPrjfolder\Grid.ElmNet\Composite Model EV48(7).ElmComp\Battery EV48(7).ElmDsl;0.0
\szafar.IntUser\Larger_network_AB.IntPrj\Network Model.IntPrjfolder\Network Data.IntPrjfolder\Grid.ElmNet\Composite Model EV11.ElmComp\Battery EV11.ElmDsl;0.0
\szafar.IntUser\Larger_network_AB.IntPrj\Network Model.IntPrjfolder\Network Data.IntPrjfolder\Grid.ElmNet\Composite Model EV37(2).ElmComp\Battery EV37(2).ElmDsl;0.486655
\szafar.IntUser\Larger_network_AB.IntPrj\Network Model.IntPrjfolder\Network Data.IntPrjfolder\Grid.ElmNet\Composite Model EV18(3).ElmComp\Battery EV18(3).ElmDsl;0.0
\szafar.IntUser\Larger_network_AB.IntPrj\Network Model.IntPrjfolder\Network Data.IntPrjfolder\Grid.ElmNet\Composite Model EV27(5).ElmComp\Battery EV27(5).ElmDsl;0.500798
\szafar.IntUser\Larger_network_AB.IntPrj\Network Model.IntPrjfolder\Network Data.IntPrjfolder\Grid.ElmNet\Composite Model EV3(7).ElmComp\Battery EV3(7).ElmDsl;0.540578
\szafar.IntUser\Larger_network_AB.IntPrj\Network Model.IntPrjfolder\Network Data.IntPrjfolder\Grid.ElmNet\Composite Model EV23(4).ElmComp\Battery EV23(4).ElmDsl;0.0
\szafar.IntUser\Larger_network_AB.IntPrj\Network Model.IntPrjfolder\Network Data.IntPrjfolder\Grid.ElmNet\Composite Model EV50.ElmComp\Battery EV50.ElmDsl;0.596499
\szafar.IntUser\Larger_network_AB.IntPrj\Network Model.IntPrjfolder\Network Data.IntPrjfolder\Grid.ElmNet\Composite Model EV32.ElmComp\Battery EV32.ElmDsl;0.471812
\szafar.IntUser\Larger_network_AB.IntPrj\Network Model.IntPrjfolder\Network Data.IntPrjfolder\Grid.ElmNet\Composite Model EV42(3).ElmComp\Battery EV42(3).ElmDsl;0.0
\szafar.IntUser\Larger_network_AB.IntPrj\Network Model.IntPrjfolder\Network Data.IntPrjfolder\Grid.ElmNet\Composite Model EV9(3).ElmComp\Battery EV9(3).ElmDsl;0.0
\szafar.IntUser\Larger_network_AB.IntPrj\Network Model.IntPrjfolder\Network Data.IntPrjfolder\Grid.ElmNet\Composite Model EV26(7).ElmComp\Battery EV26(7).ElmDsl;0.608042
\szafar.IntUser\Larger_network_AB.IntPrj\Network Model.IntPrjfolder\Network Data.IntPrjfolder\Grid.ElmNet\Composite Model EV45(6).ElmComp\Battery EV45(6).ElmDsl;0.0
\szafar.IntUser\Larger_network_AB.IntPrj\Network Model.IntPrjfolder\Network Data.IntPrjfolder\Grid.ElmNet\Composite Model EV41(5).ElmComp\Battery EV41(5).ElmDsl;0.0
\szafar.IntUser\Larger_network_AB.IntPrj\Network Model.IntPrjfolder\Network Data.IntPrjfolder\Grid.ElmNet\Composite Model EV22(6).ElmComp\Battery EV22(6).ElmDsl;0.598099
\szafar.IntUser\Larger_network_AB.IntPrj\Network Model.IntPrjfolder\Network Data.IntPrjfolder\Grid.ElmNet\Composite Model EV46(4).ElmComp\Battery EV46(4).ElmDsl;0.0
\szafar.IntUser\Larger_network_AB.IntPrj\Network Model.IntPrjfolder\Network Data.IntPrjfolder\Grid.ElmNet\Composite Model EV38(5).ElmComp\Battery EV38(5).ElmDsl;0.659471
\szafar.IntUser\Larger_network_AB.IntPrj\Network Model.IntPrjfolder\Network Data.IntPrjfolder\Grid.ElmNet\Composite Model EV13(2).ElmComp\Battery EV13(2).ElmDsl;0.0
\szafar.IntUser\Larger_network_AB.IntPrj\Network Model.IntPrjfolder\Network Data.IntPrjfolder\Grid.ElmNet\Composite Model EV1(4).ElmComp\Battery EV1(4).ElmDsl;0.0
\szafar.IntUser\Larger_network_AB.IntPrj\Network Model.IntPrjfolder\Network Data.IntPrjfolder\Grid.ElmNet\Composite Model EV37(7).ElmComp\Battery EV37(7).ElmDsl;0.486655
\szafar.IntUser\Larger_network_AB.IntPrj\Network Model.IntPrjfolder\Network Data.IntPrjfolder\Grid.ElmNet\Composite Model EV31(3).ElmComp\Battery EV31(3).ElmDsl;0.0
\szafar.IntUser\Larger_network_AB.IntPrj\Network Model.IntPrjfolder\Network Data.IntPrjfolder\Grid.ElmNet\Composite Model EV12(4).ElmComp\Battery EV12(4).ElmDsl;0.0
\szafar.IntUser\Larger_network_AB.IntPrj\Network Model.IntPrjfolder\Network Data.IntPrjfolder\Grid.ElmNet\Composite Model EV4(5).ElmComp\Battery EV4(5).ElmDsl;0.653152
\szafar.IntUser\Larger_network_AB.IntPrj\Network Model.IntPrjfolder\Network Data.IntPrjfolder\Grid.ElmNet\Composite Model EV32(1).ElmComp\Battery EV32(1).ElmDsl;0.471812
\szafar.IntUser\Larger_network_AB.IntPrj\Network Model.IntPrjfolder\Network Data.IntPrjfolder\Grid.ElmNet\Composite Model EV25.ElmComp\Battery EV25.ElmDsl;0.490855
\szafar.IntUser\Larger_network_AB.IntPrj\Network Model.IntPrjfolder\Network Data.IntPrjfolder\Grid.ElmNet\Composite Model EV5.ElmComp\Battery EV5.ElmDsl;0.0
\szafar.IntUser\Larger_network_AB.IntPrj\Network Model.IntPrjfolder\Network Data.IntPrjfolder\Grid.ElmNet\Composite Model EV20(3).ElmComp\Battery EV20(3).ElmDsl;0.0
\szafar.IntUser\Larger_network_AB.IntPrj\Network Model.IntPrjfolder\Network Data.IntPrjfolder\Grid.ElmNet\Composite Model EV21(1).ElmComp\Battery EV21(1).ElmDsl;0.659871
\szafar.IntUser\Larger_network_AB.IntPrj\Network Model.IntPrjfolder\Network Data.IntPrjfolder\Grid.ElmNet\Composite Model EV49(7).ElmComp\Battery EV49(7).ElmDsl;0.0
\szafar.IntUser\Larger_network_AB.IntPrj\Network Model.IntPrjfolder\Network Data.IntPrjfolder\Grid.ElmNet\Composite Model EV55(1).ElmComp\Battery EV55(1).ElmDsl;0.0
\szafar.IntUser\Larger_network_AB.IntPrj\Network Model.IntPrjfolder\Network Data.IntPrjfolder\Grid.ElmNet\Composite Model EV17(3).ElmComp\Battery EV17(3).ElmDsl;0.0
\szafar.IntUser\Larger_network_AB.IntPrj\Network Model.IntPrjfolder\Network Data.IntPrjfolder\Grid.ElmNet\Composite Model EV36(2).ElmComp\Battery EV36(2).ElmDsl;0.530784
\szafar.IntUser\Larger_network_AB.IntPrj\Network Model.IntPrjfolder\Network Data.IntPrjfolder\Grid.ElmNet\Composite Model EV54(3).ElmComp\Battery EV54(3).ElmDsl;0.0
\szafar.IntUser\Larger_network_AB.IntPrj\Network Model.IntPrjfolder\Network Data.IntPrjfolder\Grid.ElmNet\Composite Model EV16(5).ElmComp\Battery EV16(5).ElmDsl;0.45114
\szafar.IntUser\Larger_network_AB.IntPrj\Network Model.IntPrjfolder\Network Data.IntPrjfolder\Grid.ElmNet\Composite Model EV35(4).ElmComp\Battery EV35(4).ElmDsl;0.0
\szafar.IntUser\Larger_network_AB.IntPrj\Network Model.IntPrjfolder\Network Data.IntPrjfolder\Grid.ElmNet\Composite Model EV53(1).ElmComp\Battery EV53(1).ElmDsl;0.0
\szafar.IntUser\Larger_network_AB.IntPrj\Network Model.IntPrjfolder\Network Data.IntPrjfolder\Grid.ElmNet\Composite Model EV18(7).ElmComp\Battery EV18(7).ElmDsl;0.55037
\szafar.IntUser\Larger_network_AB.IntPrj\Network Model.IntPrjfolder\Network Data.IntPrjfolder\Grid.ElmNet\Composite Model EV12(1).ElmComp\Battery EV12(1).ElmDsl;0.0
\szafar.IntUser\Larger_network_AB.IntPrj\Network Model.IntPrjfolder\Network Data.IntPrjfolder\Grid.ElmNet\Composite Model EV3(4).ElmComp\Battery EV3(4).ElmDsl;0.540578
\szafar.IntUser\Larger_network_AB.IntPrj\Network Model.IntPrjfolder\Network Data.IntPrjfolder\Grid.ElmNet\Composite Model EV45(8).ElmComp\Battery EV45(8).ElmDsl;0.0
\szafar.IntUser\Larger_network_AB.IntPrj\Network Model.IntPrjfolder\Network Data.IntPrjfolder\Grid.ElmNet\Composite Model EV9(6).ElmComp\Battery EV9(6).ElmDsl;0.0
\szafar.IntUser\Larger_network_AB.IntPrj\Network Model.IntPrjfolder\Network Data.IntPrjfolder\Grid.ElmNet\Composite Model EV47(4).ElmComp\Battery EV47(4).ElmDsl;0.0
\szafar.IntUser\Larger_network_AB.IntPrj\Network Model.IntPrjfolder\Network Data.IntPrjfolder\Grid.ElmNet\Composite Model EV1(8).ElmComp\Battery EV1(8).ElmDsl;0.0
\szafar.IntUser\Larger_network_AB.IntPrj\Network Model.IntPrjfolder\Network Data.IntPrjfolder\Grid.ElmNet\Composite Model EV28(5).ElmComp\Battery EV28(5).ElmDsl;0.650228
\szafar.IntUser\Larger_network_AB.IntPrj\Network Model.IntPrjfolder\Network Data.IntPrjfolder\Grid.ElmNet\Composite Model EV11(4).ElmComp\Battery EV11(4).ElmDsl;0.0
\szafar.IntUser\Larger_network_AB.IntPrj\Network Model.IntPrjfolder\Network Data.IntPrjfolder\Grid.ElmNet\Composite Model EV21(2).ElmComp\Battery EV21(2).ElmDsl;0.659871
\szafar.IntUser\Larger_network_AB.IntPrj\Network Model.IntPrjfolder\Network Data.IntPrjfolder\Grid.ElmNet\Composite Model EV4(2).ElmComp\Battery EV4(2).ElmDsl;0.653152
\szafar.IntUser\Larger_network_AB.IntPrj\Network Model.IntPrjfolder\Network Data.IntPrjfolder\Grid.ElmNet\Composite Model EV46(7).ElmComp\Battery EV46(7).ElmDsl;0.0
\szafar.IntUser\Larger_network_AB.IntPrj\Network Model.IntPrjfolder\Network Data.IntPrjfolder\Grid.ElmNet\Composite Model EV19(6).ElmComp\Battery EV19(6).ElmDsl;0.511941
\szafar.IntUser\Larger_network_AB.IntPrj\Network Model.IntPrjfolder\Network Data.IntPrjfolder\Grid.ElmNet\Composite Model EV30(3).ElmComp\Battery EV30(3).ElmDsl;0.0
\szafar.IntUser\Larger_network_AB.IntPrj\Network Model.IntPrjfolder\Network Data.IntPrjfolder\Grid.ElmNet\Composite Model EV9(1).ElmComp\Battery EV9(1).ElmDsl;0.0
\szafar.IntUser\Larger_network_AB.IntPrj\Network Model.IntPrjfolder\Network Data.IntPrjfolder\Grid.ElmNet\Composite Model EV37.ElmComp\Battery EV37.ElmDsl;0.486655
\szafar.IntUser\Larger_network_AB.IntPrj\Network Model.IntPrjfolder\Network Data.IntPrjfolder\Grid.ElmNet\Composite Model EV4(7).ElmComp\Battery EV4(7).ElmDsl;0.653152
\szafar.IntUser\Larger_network_AB.IntPrj\Network Model.IntPrjfolder\Network Data.IntPrjfolder\Grid.ElmNet\Composite Model EV1(3).ElmComp\Battery EV1(3).ElmDsl;0.0
\szafar.IntUser\Larger_network_AB.IntPrj\Network Model.IntPrjfolder\Network Data.IntPrjfolder\Grid.ElmNet\Composite Model EV24(6).ElmComp\Battery EV24(6).ElmDsl;0.487355
\szafar.IntUser\Larger_network_AB.IntPrj\Network Model.IntPrjfolder\Network Data.IntPrjfolder\Grid.ElmNet\Composite Model EV7(5).ElmComp\Battery EV7(5).ElmDsl;0.0
\szafar.IntUser\Larger_network_AB.IntPrj\Network Model.IntPrjfolder\Network Data.IntPrjfolder\Grid.ElmNet\Composite Model EV12.ElmComp\Battery EV12.ElmDsl;0.0
\szafar.IntUser\Larger_network_AB.IntPrj\Network Model.IntPrjfolder\Network Data.IntPrjfolder\Grid.ElmNet\Composite Model EV48(3).ElmComp\Battery EV48(3).ElmDsl;0.0
\szafar.IntUser\Larger_network_AB.IntPrj\Network Model.IntPrjfolder\Network Data.IntPrjfolder\Grid.ElmNet\Composite Model EV29(4).ElmComp\Battery EV29(4).ElmDsl;0.0
\szafar.IntUser\Larger_network_AB.IntPrj\Network Model.IntPrjfolder\Network Data.IntPrjfolder\Grid.ElmNet\Composite Model EV27(8).ElmComp\Battery EV27(8).ElmDsl;0.500798
\szafar.IntUser\Larger_network_AB.IntPrj\Network Model.IntPrjfolder\Network Data.IntPrjfolder\Grid.ElmNet\Composite Model EV37(6).ElmComp\Battery EV37(6).ElmDsl;0.486655
\szafar.IntUser\Larger_network_AB.IntPrj\Network Model.IntPrjfolder\Network Data.IntPrjfolder\Grid.ElmNet\Composite Model EV39(2).ElmComp\Battery EV39(2).ElmDsl;0.623285
\szafar.IntUser\Larger_network_AB.IntPrj\Network Model.IntPrjfolder\Network Data.IntPrjfolder\Grid.ElmNet\Composite Model EV6(3).ElmComp\Battery EV6(3).ElmDsl;0.0
\szafar.IntUser\Larger_network_AB.IntPrj\Network Model.IntPrjfolder\Network Data.IntPrjfolder\Grid.ElmNet\Composite Model EV14(4).ElmComp\Battery EV14(4).ElmDsl;0.0
\szafar.IntUser\Larger_network_AB.IntPrj\Network Model.IntPrjfolder\Network Data.IntPrjfolder\Grid.ElmNet\Composite Model EV53(8).ElmComp\Battery EV53(8).ElmDsl;0.0
\szafar.IntUser\Larger_network_AB.IntPrj\Network Model.IntPrjfolder\Network Data.IntPrjfolder\Grid.ElmNet\Composite Model EV43(5).ElmComp\Battery EV43(5).ElmDsl;0.0
\szafar.IntUser\Larger_network_AB.IntPrj\Network Model.IntPrjfolder\Network Data.IntPrjfolder\Grid.ElmNet\Composite Model EV45(1).ElmComp\Battery EV45(1).ElmDsl;0.0
\szafar.IntUser\Larger_network_AB.IntPrj\Network Model.IntPrjfolder\Network Data.IntPrjfolder\Grid.ElmNet\Composite Model EV26(2).ElmComp\Battery EV26(2).ElmDsl;0.608042
\szafar.IntUser\Larger_network_AB.IntPrj\Network Model.IntPrjfolder\Network Data.IntPrjfolder\Grid.ElmNet\Composite Model EV25(5).ElmComp\Battery EV25(5).ElmDsl;0.490855
\szafar.IntUser\Larger_network_AB.IntPrj\Network Model.IntPrjfolder\Network Data.IntPrjfolder\Grid.ElmNet\Composite Model EV47.ElmComp\Battery EV47.ElmDsl;0.531684
\szafar.IntUser\Larger_network_AB.IntPrj\Network Model.IntPrjfolder\Network Data.IntPrjfolder\Grid.ElmNet\Composite Model EV12(8).ElmComp\Battery EV12(8).ElmDsl;0.0
\szafar.IntUser\Larger_network_AB.IntPrj\Network Model.IntPrjfolder\Network Data.IntPrjfolder\Grid.ElmNet\Composite Model EV33(3).ElmComp\Battery EV33(3).ElmDsl;0.0
\szafar.IntUser\Larger_network_AB.IntPrj\Network Model.IntPrjfolder\Network Data.IntPrjfolder\Grid.ElmNet\Composite Model EV42(8).ElmComp\Battery EV42(8).ElmDsl;0.0
\szafar.IntUser\Larger_network_AB.IntPrj\Network Model.IntPrjfolder\Network Data.IntPrjfolder\Grid.ElmNet\Composite Model EV9(2).ElmComp\Battery EV9(2).ElmDsl;0.0
\szafar.IntUser\Larger_network_AB.IntPrj\Network Model.IntPrjfolder\Network Data.IntPrjfolder\Grid.ElmNet\Composite Model EV55(4).ElmComp\Battery EV55(4).ElmDsl;0.0
\szafar.IntUser\Larger_network_AB.IntPrj\Network Model.IntPrjfolder\Network Data.IntPrjfolder\Grid.ElmNet\Composite Model EV36(5).ElmComp\Battery EV36(5).ElmDsl;0.530784
\szafar.IntUser\Larger_network_AB.IntPrj\Network Model.IntPrjfolder\Network Data.IntPrjfolder\Grid.ElmNet\Composite Model EV17(6).ElmComp\Battery EV17(6).ElmDsl;0.469312
\szafar.IntUser\Larger_network_AB.IntPrj\Network Model.IntPrjfolder\Network Data.IntPrjfolder\Grid.ElmNet\Composite Model EV38(1).ElmComp\Battery EV38(1).ElmDsl;0.659471
\szafar.IntUser\Larger_network_AB.IntPrj\Network Model.IntPrjfolder\Network Data.IntPrjfolder\Grid.ElmNet\Composite Model EV19(2).ElmComp\Battery EV19(2).ElmDsl;0.511941
\szafar.IntUser\Larger_network_AB.IntPrj\Network Model.IntPrjfolder\Network Data.IntPrjfolder\Grid.ElmNet\Composite Model EV50(6).ElmComp\Battery EV50(6).ElmDsl;0.0
\szafar.IntUser\Larger_network_AB.IntPrj\Network Model.IntPrjfolder\Network Data.IntPrjfolder\Grid.ElmNet\Composite Model EV31(7).ElmComp\Battery EV31(7).ElmDsl;0.616099
\szafar.IntUser\Larger_network_AB.IntPrj\Network Model.IntPrjfolder\Network Data.IntPrjfolder\Grid.ElmNet\Composite Model EV15(3).ElmComp\Battery EV15(3).ElmDsl;0.0
\szafar.IntUser\Larger_network_AB.IntPrj\Network Model.IntPrjfolder\Network Data.IntPrjfolder\Grid.ElmNet\Composite Model EV22(3).ElmComp\Battery EV22(3).ElmDsl;0.0
\szafar.IntUser\Larger_network_AB.IntPrj\Network Model.IntPrjfolder\Network Data.IntPrjfolder\Grid.ElmNet\Composite Model EV52(2).ElmComp\Battery EV52(2).ElmDsl;0.0
\szafar.IntUser\Larger_network_AB.IntPrj\Network Model.IntPrjfolder\Network Data.IntPrjfolder\Grid.ElmNet\Composite Model EV27(1).ElmComp\Battery EV27(1).ElmDsl;0.500798
\szafar.IntUser\Larger_network_AB.IntPrj\Network Model.IntPrjfolder\Network Data.IntPrjfolder\Grid.ElmNet\Composite Model EV20(7).ElmComp\Battery EV20(7).ElmDsl;0.473912
\szafar.IntUser\Larger_network_AB.IntPrj\Network Model.IntPrjfolder\Network Data.IntPrjfolder\Grid.ElmNet\Composite Model EV44(4).ElmComp\Battery EV44(4).ElmDsl;0.0
\szafar.IntUser\Larger_network_AB.IntPrj\Network Model.IntPrjfolder\Network Data.IntPrjfolder\Grid.ElmNet\Composite Model EV49.ElmComp\Battery EV49.ElmDsl;0.660171
\szafar.IntUser\Larger_network_AB.IntPrj\Network Model.IntPrjfolder\Network Data.IntPrjfolder\Grid.ElmNet\Composite Model EV4(6).ElmComp\Battery EV4(6).ElmDsl;0.653152
\szafar.IntUser\Larger_network_AB.IntPrj\Network Model.IntPrjfolder\Network Data.IntPrjfolder\Grid.ElmNet\Composite Model EV34(2).ElmComp\Battery EV34(2).ElmDsl;0.660171
\szafar.IntUser\Larger_network_AB.IntPrj\Network Model.IntPrjfolder\Network Data.IntPrjfolder\Grid.ElmNet\Composite Model EV10(5).ElmComp\Battery EV10(5).ElmDsl;0.0
\szafar.IntUser\Larger_network_AB.IntPrj\Network Model.IntPrjfolder\Network Data.IntPrjfolder\Grid.ElmNet\Composite Model EV41(2).ElmComp\Battery EV41(2).ElmDsl;0.0
\szafar.IntUser\Larger_network_AB.IntPrj\Network Model.IntPrjfolder\Network Data.IntPrjfolder\Grid.ElmNet\Composite Model EV32(6).ElmComp\Battery EV32(6).ElmDsl;0.471812
\szafar.IntUser\Larger_network_AB.IntPrj\Network Model.IntPrjfolder\Network Data.IntPrjfolder\Grid.ElmNet\Composite Model EV13(7).ElmComp\Battery EV13(7).ElmDsl;0.0
\szafar.IntUser\Larger_network_AB.IntPrj\Network Model.IntPrjfolder\Network Data.IntPrjfolder\Grid.ElmNet\Composite Model EV51(5).ElmComp\Battery EV51(5).ElmDsl;0.0
\szafar.IntUser\Larger_network_AB.IntPrj\Network Model.IntPrjfolder\Network Data.IntPrjfolder\Grid.ElmNet\Composite Model EV24.ElmComp\Battery EV24.ElmDsl;0.487355
\szafar.IntUser\Larger_network_AB.IntPrj\Network Model.IntPrjfolder\Network Data.IntPrjfolder\Grid.ElmNet\Composite Model EV51.ElmComp\Battery EV51.ElmDsl;0.500798
\szafar.IntUser\Larger_network_AB.IntPrj\Network Model.IntPrjfolder\Network Data.IntPrjfolder\Grid.ElmNet\Composite Model EV15.ElmComp\Battery EV15.ElmDsl;0.660171
\szafar.IntUser\Larger_network_AB.IntPrj\Network Model.IntPrjfolder\Network Data.IntPrjfolder\Grid.ElmNet\Composite Model EV39(6).ElmComp\Battery EV39(6).ElmDsl;0.623285
\szafar.IntUser\Larger_network_AB.IntPrj\Network Model.IntPrjfolder\Network Data.IntPrjfolder\Grid.ElmNet\Composite Model EV32(2).ElmComp\Battery EV32(2).ElmDsl;0.471812
\szafar.IntUser\Larger_network_AB.IntPrj\Network Model.IntPrjfolder\Network Data.IntPrjfolder\Grid.ElmNet\Composite Model EV48(6).ElmComp\Battery EV48(6).ElmDsl;0.0
\szafar.IntUser\Larger_network_AB.IntPrj\Network Model.IntPrjfolder\Network Data.IntPrjfolder\Grid.ElmNet\Composite Model EV38(8).ElmComp\Battery EV38(8).ElmDsl;0.659471
\szafar.IntUser\Larger_network_AB.IntPrj\Network Model.IntPrjfolder\Network Data.IntPrjfolder\Grid.ElmNet\Composite Model EV27.ElmComp\Battery EV27.ElmDsl;0.500798
\szafar.IntUser\Larger_network_AB.IntPrj\Network Model.IntPrjfolder\Network Data.IntPrjfolder\Grid.ElmNet\Composite Model EV49(4).ElmComp\Battery EV49(4).ElmDsl;0.0
\szafar.IntUser\Larger_network_AB.IntPrj\Network Model.IntPrjfolder\Network Data.IntPrjfolder\Grid.ElmNet\Composite Model EV6(4).ElmComp\Battery EV6(4).ElmDsl;0.0
\szafar.IntUser\Larger_network_AB.IntPrj\Network Model.IntPrjfolder\Network Data.IntPrjfolder\Grid.ElmNet\Composite Model EV47(8).ElmComp\Battery EV47(8).ElmDsl;0.0
\szafar.IntUser\Larger_network_AB.IntPrj\Network Model.IntPrjfolder\Network Data.IntPrjfolder\Grid.ElmNet\Composite Model EV29(7).ElmComp\Battery EV29(7).ElmDsl;0.653371
\szafar.IntUser\Larger_network_AB.IntPrj\Network Model.IntPrjfolder\Network Data.IntPrjfolder\Grid.ElmNet\Composite Model EV16(8).ElmComp\Battery EV16(8).ElmDsl;0.45114
\szafar.IntUser\Larger_network_AB.IntPrj\Network Model.IntPrjfolder\Network Data.IntPrjfolder\Grid.ElmNet\Composite Model EV10(2).ElmComp\Battery EV10(2).ElmDsl;0.0
\szafar.IntUser\Larger_network_AB.IntPrj\Network Model.IntPrjfolder\Network Data.IntPrjfolder\Grid.ElmNet\Composite Model EV26(6).ElmComp\Battery EV26(6).ElmDsl;0.608042
\szafar.IntUser\Larger_network_AB.IntPrj\Network Model.IntPrjfolder\Network Data.IntPrjfolder\Grid.ElmNet\Composite Model EV44(7).ElmComp\Battery EV44(7).ElmDsl;0.0
\szafar.IntUser\Larger_network_AB.IntPrj\Network Model.IntPrjfolder\Network Data.IntPrjfolder\Grid.ElmNet\Composite Model EV25(8).ElmComp\Battery EV25(8).ElmDsl;0.490855
\szafar.IntUser\Larger_network_AB.IntPrj\Network Model.IntPrjfolder\Network Data.IntPrjfolder\Grid.ElmNet\Composite Model EV4(1).ElmComp\Battery EV4(1).ElmDsl;0.653152
\szafar.IntUser\Larger_network_AB.IntPrj\Network Model.IntPrjfolder\Network Data.IntPrjfolder\Grid.ElmNet\Composite Model EV27(4).ElmComp\Battery EV27(4).ElmDsl;0.0
\szafar.IntUser\Larger_network_AB.IntPrj\Network Model.IntPrjfolder\Network Data.IntPrjfolder\Grid.ElmNet\Composite Model EV45(5).ElmComp\Battery EV45(5).ElmDsl;0.0
\szafar.IntUser\Larger_network_AB.IntPrj\Network Model.IntPrjfolder\Network Data.IntPrjfolder\Grid.ElmNet\Composite Model EV3(5).ElmComp\Battery EV3(5).ElmDsl;0.540578
\szafar.IntUser\Larger_network_AB.IntPrj\Network Model.IntPrjfolder\Network Data.IntPrjfolder\Grid.ElmNet\Composite Model EV9(7).ElmComp\Battery EV9(7).ElmDsl;0.0
\szafar.IntUser\Larger_network_AB.IntPrj\Network Model.IntPrjfolder\Network Data.IntPrjfolder\Grid.ElmNet\Composite Model EV17(2).ElmComp\Battery EV17(2).ElmDsl;0.469312
\szafar.IntUser\Larger_network_AB.IntPrj\Network Model.IntPrjfolder\Network Data.IntPrjfolder\Grid.ElmNet\Composite Model EV47(1).ElmComp\Battery EV47(1).ElmDsl;0.0
\szafar.IntUser\Larger_network_AB.IntPrj\Network Model.IntPrjfolder\Network Data.IntPrjfolder\Grid.ElmNet\Composite Model EV51(8).ElmComp\Battery EV51(8).ElmDsl;0.0
\szafar.IntUser\Larger_network_AB.IntPrj\Network Model.IntPrjfolder\Network Data.IntPrjfolder\Grid.ElmNet\Composite Model EV41.ElmComp\Battery EV41.ElmDsl;0.655971
\szafar.IntUser\Larger_network_AB.IntPrj\Network Model.IntPrjfolder\Network Data.IntPrjfolder\Grid.ElmNet\Composite Model EV22(7).ElmComp\Battery EV22(7).ElmDsl;0.598099
\szafar.IntUser\Larger_network_AB.IntPrj\Network Model.IntPrjfolder\Network Data.IntPrjfolder\Grid.ElmNet\Composite Model EV46(3).ElmComp\Battery EV46(3).ElmDsl;0.0
\szafar.IntUser\Larger_network_AB.IntPrj\Network Model.IntPrjfolder\Network Data.IntPrjfolder\Grid.ElmNet\Composite Model EV15(6).ElmComp\Battery EV15(6).ElmDsl;0.660171
\szafar.IntUser\Larger_network_AB.IntPrj\Network Model.IntPrjfolder\Network Data.IntPrjfolder\Grid.ElmNet\Composite Model EV36(1).ElmComp\Battery EV36(1).ElmDsl;0.530784
\szafar.IntUser\Larger_network_AB.IntPrj\Network Model.IntPrjfolder\Network Data.IntPrjfolder\Grid.ElmNet\Composite Model EV28(2).ElmComp\Battery EV28(2).ElmDsl;0.650228
\szafar.IntUser\Larger_network_AB.IntPrj\Network Model.IntPrjfolder\Network Data.IntPrjfolder\Grid.ElmNet\Composite Model EV8.ElmComp\Battery EV8.ElmDsl;0.0
\szafar.IntUser\Larger_network_AB.IntPrj\Network Model.IntPrjfolder\Network Data.IntPrjfolder\Grid.ElmNet\Composite Model EV40(8).ElmComp\Battery EV40(8).ElmDsl;0.648428
\szafar.IntUser\Larger_network_AB.IntPrj\Network Model.IntPrjfolder\Network Data.IntPrjfolder\Grid.ElmNet\Composite Model EV35(3).ElmComp\Battery EV35(3).ElmDsl;0.0
\szafar.IntUser\Larger_network_AB.IntPrj\Network Model.IntPrjfolder\Network Data.IntPrjfolder\Grid.ElmNet\Composite Model EV16(4).ElmComp\Battery EV16(4).ElmDsl;0.0
\szafar.IntUser\Larger_network_AB.IntPrj\Network Model.IntPrjfolder\Network Data.IntPrjfolder\Grid.ElmNet\Composite Model EV54(2).ElmComp\Battery EV54(2).ElmDsl;0.0
\szafar.IntUser\Larger_network_AB.IntPrj\Network Model.IntPrjfolder\Network Data.IntPrjfolder\Grid.ElmNet\Composite Model EV52(6).ElmComp\Battery EV52(6).ElmDsl;0.0
\szafar.IntUser\Larger_network_AB.IntPrj\Network Model.IntPrjfolder\Network Data.IntPrjfolder\Grid.ElmNet\Composite Model EV33(7).ElmComp\Battery EV33(7).ElmDsl;0.659971
\szafar.IntUser\Larger_network_AB.IntPrj\Network Model.IntPrjfolder\Network Data.IntPrjfolder\Grid.ElmNet\Composite Model EV14(8).ElmComp\Battery EV14(8).ElmDsl;0.630885
\szafar.IntUser\Larger_network_AB.IntPrj\Network Model.IntPrjfolder\Network Data.IntPrjfolder\Grid.ElmNet\Composite Model EV34(5).ElmComp\Battery EV34(5).ElmDsl;0.660171
\szafar.IntUser\Larger_network_AB.IntPrj\Network Model.IntPrjfolder\Network Data.IntPrjfolder\Grid.ElmNet\Composite Model EV53(4).ElmComp\Battery EV53(4).ElmDsl;0.0
\szafar.IntUser\Larger_network_AB.IntPrj\Network Model.IntPrjfolder\Network Data.IntPrjfolder\Grid.ElmNet\Composite Model EV25(1).ElmComp\Battery EV25(1).ElmDsl;0.490855
\szafar.IntUser\Larger_network_AB.IntPrj\Network Model.IntPrjfolder\Network Data.IntPrjfolder\Grid.ElmNet\Composite Model EV5(8).ElmComp\Battery EV5(8).ElmDsl;0.0
\szafar.IntUser\Larger_network_AB.IntPrj\Network Model.IntPrjfolder\Network Data.IntPrjfolder\Grid.ElmNet\Composite Model EV2(4).ElmComp\Battery EV2(4).ElmDsl;0.0
\szafar.IntUser\Larger_network_AB.IntPrj\Network Model.IntPrjfolder\Network Data.IntPrjfolder\Grid.ElmNet\Composite Model EV4.ElmComp\Battery EV4.ElmDsl;0.653152
\szafar.IntUser\Larger_network_AB.IntPrj\Network Model.IntPrjfolder\Network Data.IntPrjfolder\Grid.ElmNet\Composite Model EV40(1).ElmComp\Battery EV40(1).ElmDsl;0.648428
\szafar.IntUser\Larger_network_AB.IntPrj\Network Model.IntPrjfolder\Network Data.IntPrjfolder\Grid.ElmNet\Composite Model EV5(2).ElmComp\Battery EV5(2).ElmDsl;0.0
\szafar.IntUser\Larger_network_AB.IntPrj\Network Model.IntPrjfolder\Network Data.IntPrjfolder\Grid.ElmNet\Composite Model EV8(6).ElmComp\Battery EV8(6).ElmDsl;0.0
\szafar.IntUser\Larger_network_AB.IntPrj\Network Model.IntPrjfolder\Network Data.IntPrjfolder\Grid.ElmNet\Composite Model EV43(2).ElmComp\Battery EV43(2).ElmDsl;0.0
\szafar.IntUser\Larger_network_AB.IntPrj\Network Model.IntPrjfolder\Network Data.IntPrjfolder\Grid.ElmNet\Composite Model EV24(3).ElmComp\Battery EV24(3).ElmDsl;0.0
\szafar.IntUser\Larger_network_AB.IntPrj\Network Model.IntPrjfolder\Network Data.IntPrjfolder\Grid.ElmNet\Composite Model EV41(6).ElmComp\Battery EV41(6).ElmDsl;0.0
\szafar.IntUser\Larger_network_AB.IntPrj\Network Model.IntPrjfolder\Network Data.IntPrjfolder\Grid.ElmNet\Composite Model EV42(4).ElmComp\Battery EV42(4).ElmDsl;0.0
\szafar.IntUser\Larger_network_AB.IntPrj\Network Model.IntPrjfolder\Network Data.IntPrjfolder\Grid.ElmNet\Composite Model EV34.ElmComp\Battery EV34.ElmDsl;0.660171
\szafar.IntUser\Larger_network_AB.IntPrj\Network Model.IntPrjfolder\Network Data.IntPrjfolder\Grid.ElmNet\Composite Model EV23(5).ElmComp\Battery EV23(5).ElmDsl;0.657271
\szafar.IntUser\Larger_network_AB.IntPrj\Network Model.IntPrjfolder\Network Data.IntPrjfolder\Grid.ElmNet\Composite Model EV51(1).ElmComp\Battery EV51(1).ElmDsl;0.0
\szafar.IntUser\Larger_network_AB.IntPrj\Network Model.IntPrjfolder\Network Data.IntPrjfolder\Grid.ElmNet\Composite Model EV13(3).ElmComp\Battery EV13(3).ElmDsl;0.0
\szafar.IntUser\Larger_network_AB.IntPrj\Network Model.IntPrjfolder\Network Data.IntPrjfolder\Grid.ElmNet\Composite Model EV14(1).ElmComp\Battery EV14(1).ElmDsl;0.630885
\szafar.IntUser\Larger_network_AB.IntPrj\Network Model.IntPrjfolder\Network Data.IntPrjfolder\Grid.ElmNet\Composite Model EV12(5).ElmComp\Battery EV12(5).ElmDsl;0.0
\szafar.IntUser\Larger_network_AB.IntPrj\Network Model.IntPrjfolder\Network Data.IntPrjfolder\Grid.ElmNet\Composite Model EV31(4).ElmComp\Battery EV31(4).ElmDsl;0.0
\szafar.IntUser\Larger_network_AB.IntPrj\Network Model.IntPrjfolder\Network Data.IntPrjfolder\Grid.ElmNet\Composite Model EV50(3).ElmComp\Battery EV50(3).ElmDsl;0.0
\szafar.IntUser\Larger_network_AB.IntPrj\Network Model.IntPrjfolder\Network Data.IntPrjfolder\Grid.ElmNet\Composite Model EV30(6).ElmComp\Battery EV30(6).ElmDsl;0.487255
\szafar.IntUser\Larger_network_AB.IntPrj\Network Model.IntPrjfolder\Network Data.IntPrjfolder\Grid.ElmNet\Composite Model EV11(7).ElmComp\Battery EV11(7).ElmDsl;0.0
