\szafar.IntUser\Larger_network_AB.IntPrj\Network Model.IntPrjfolder\Network Data.IntPrjfolder\Grid.ElmNet\Composite Model PV15(7).ElmComp\shedding PV15(7).ElmDsl;1.0
\szafar.IntUser\Larger_network_AB.IntPrj\Network Model.IntPrjfolder\Network Data.IntPrjfolder\Grid.ElmNet\Composite Model PV29(5).ElmComp\shedding PV29(5).ElmDsl;1.0
\szafar.IntUser\Larger_network_AB.IntPrj\Network Model.IntPrjfolder\Network Data.IntPrjfolder\Grid.ElmNet\Composite Model PV40(2).ElmComp\shedding PV40(2).ElmDsl;1.0
\szafar.IntUser\Larger_network_AB.IntPrj\Network Model.IntPrjfolder\Network Data.IntPrjfolder\Grid.ElmNet\Composite Model PV16(7).ElmComp\shedding PV16(7).ElmDsl;1.0
\szafar.IntUser\Larger_network_AB.IntPrj\Network Model.IntPrjfolder\Network Data.IntPrjfolder\Grid.ElmNet\Composite Model PV4(4).ElmComp\shedding PV4(4).ElmDsl;1.0
\szafar.IntUser\Larger_network_AB.IntPrj\Network Model.IntPrjfolder\Network Data.IntPrjfolder\Grid.ElmNet\Composite Model PV9(2).ElmComp\shedding PV9(2).ElmDsl;1.0
\szafar.IntUser\Larger_network_AB.IntPrj\Network Model.IntPrjfolder\Network Data.IntPrjfolder\Grid.ElmNet\Composite Model PV13(7).ElmComp\shedding PV13(7).ElmDsl;1.0
\szafar.IntUser\Larger_network_AB.IntPrj\Network Model.IntPrjfolder\Network Data.IntPrjfolder\Grid.ElmNet\Composite Model PV27(5).ElmComp\shedding PV27(5).ElmDsl;1.0
\szafar.IntUser\Larger_network_AB.IntPrj\Network Model.IntPrjfolder\Network Data.IntPrjfolder\Grid.ElmNet\Composite Model PV28(5).ElmComp\shedding PV28(5).ElmDsl;1.0
\szafar.IntUser\Larger_network_AB.IntPrj\Network Model.IntPrjfolder\Network Data.IntPrjfolder\Grid.ElmNet\Composite Model PV8(5).ElmComp\shedding PV8(5).ElmDsl;1.0
\szafar.IntUser\Larger_network_AB.IntPrj\Network Model.IntPrjfolder\Network Data.IntPrjfolder\Grid.ElmNet\Composite Model PV14(7).ElmComp\shedding PV14(7).ElmDsl;1.0
\szafar.IntUser\Larger_network_AB.IntPrj\Network Model.IntPrjfolder\Network Data.IntPrjfolder\Grid.ElmNet\Composite Model PV2(8).ElmComp\shedding PV2(8).ElmDsl;1.0
\szafar.IntUser\Larger_network_AB.IntPrj\Network Model.IntPrjfolder\Network Data.IntPrjfolder\Grid.ElmNet\Composite Model PV19(7).ElmComp\shedding PV19(7).ElmDsl;1.0
\szafar.IntUser\Larger_network_AB.IntPrj\Network Model.IntPrjfolder\Network Data.IntPrjfolder\Grid.ElmNet\Composite Model PV5(1).ElmComp\shedding PV5(1).ElmDsl;1.0
\szafar.IntUser\Larger_network_AB.IntPrj\Network Model.IntPrjfolder\Network Data.IntPrjfolder\Grid.ElmNet\Composite Model PV30(4).ElmComp\shedding PV30(4).ElmDsl;1.0
\szafar.IntUser\Larger_network_AB.IntPrj\Network Model.IntPrjfolder\Network Data.IntPrjfolder\Grid.ElmNet\Composite Model PV31(4).ElmComp\shedding PV31(4).ElmDsl;1.0
\szafar.IntUser\Larger_network_AB.IntPrj\Network Model.IntPrjfolder\Network Data.IntPrjfolder\Grid.ElmNet\Composite Model PV2.ElmComp\shedding PV2.ElmDsl;1.0
\szafar.IntUser\Larger_network_AB.IntPrj\Network Model.IntPrjfolder\Network Data.IntPrjfolder\Grid.ElmNet\Composite Model PV17(7).ElmComp\shedding PV17(7).ElmDsl;1.0
\szafar.IntUser\Larger_network_AB.IntPrj\Network Model.IntPrjfolder\Network Data.IntPrjfolder\Grid.ElmNet\Composite Model PV18(7).ElmComp\shedding PV18(7).ElmDsl;1.0
\szafar.IntUser\Larger_network_AB.IntPrj\Network Model.IntPrjfolder\Network Data.IntPrjfolder\Grid.ElmNet\Composite Model PV21(5).ElmComp\shedding PV21(5).ElmDsl;1.0
\szafar.IntUser\Larger_network_AB.IntPrj\Network Model.IntPrjfolder\Network Data.IntPrjfolder\Grid.ElmNet\Composite Model PV1(2).ElmComp\shedding PV1(2).ElmDsl;1.0
\szafar.IntUser\Larger_network_AB.IntPrj\Network Model.IntPrjfolder\Network Data.IntPrjfolder\Grid.ElmNet\Composite Model PV34(4).ElmComp\shedding PV34(4).ElmDsl;1.0
\szafar.IntUser\Larger_network_AB.IntPrj\Network Model.IntPrjfolder\Network Data.IntPrjfolder\Grid.ElmNet\Composite Model PV5(3).ElmComp\shedding PV5(3).ElmDsl;1.0
\szafar.IntUser\Larger_network_AB.IntPrj\Network Model.IntPrjfolder\Network Data.IntPrjfolder\Grid.ElmNet\Composite Model PV21(6).ElmComp\shedding PV21(6).ElmDsl;1.0
\szafar.IntUser\Larger_network_AB.IntPrj\Network Model.IntPrjfolder\Network Data.IntPrjfolder\Grid.ElmNet\Composite Model PV36(3).ElmComp\shedding PV36(3).ElmDsl;1.0
\szafar.IntUser\Larger_network_AB.IntPrj\Network Model.IntPrjfolder\Network Data.IntPrjfolder\Grid.ElmNet\Composite Model PV3(7).ElmComp\shedding PV3(7).ElmDsl;1.0
\szafar.IntUser\Larger_network_AB.IntPrj\Network Model.IntPrjfolder\Network Data.IntPrjfolder\Grid.ElmNet\Composite Model PV3.ElmComp\shedding PV3.ElmDsl;1.0
\szafar.IntUser\Larger_network_AB.IntPrj\Network Model.IntPrjfolder\Network Data.IntPrjfolder\Grid.ElmNet\Composite Model PV32(4).ElmComp\shedding PV32(4).ElmDsl;1.0
\szafar.IntUser\Larger_network_AB.IntPrj\Network Model.IntPrjfolder\Network Data.IntPrjfolder\Grid.ElmNet\Composite Model PV7(6).ElmComp\shedding PV7(6).ElmDsl;1.0
\szafar.IntUser\Larger_network_AB.IntPrj\Network Model.IntPrjfolder\Network Data.IntPrjfolder\Grid.ElmNet\Composite Model PV34(3).ElmComp\shedding PV34(3).ElmDsl;1.0
\szafar.IntUser\Larger_network_AB.IntPrj\Network Model.IntPrjfolder\Network Data.IntPrjfolder\Grid.ElmNet\Composite Model PV10(8).ElmComp\shedding PV10(8).ElmDsl;1.0
\szafar.IntUser\Larger_network_AB.IntPrj\Network Model.IntPrjfolder\Network Data.IntPrjfolder\Grid.ElmNet\Composite Model PV25(5).ElmComp\shedding PV25(5).ElmDsl;1.0
\szafar.IntUser\Larger_network_AB.IntPrj\Network Model.IntPrjfolder\Network Data.IntPrjfolder\Grid.ElmNet\Composite Model PV38(4).ElmComp\shedding PV38(4).ElmDsl;1.0
\szafar.IntUser\Larger_network_AB.IntPrj\Network Model.IntPrjfolder\Network Data.IntPrjfolder\Grid.ElmNet\Composite Model PV12(7).ElmComp\shedding PV12(7).ElmDsl;1.0
\szafar.IntUser\Larger_network_AB.IntPrj\Network Model.IntPrjfolder\Network Data.IntPrjfolder\Grid.ElmNet\Composite Model PV25(6).ElmComp\shedding PV25(6).ElmDsl;1.0
\szafar.IntUser\Larger_network_AB.IntPrj\Network Model.IntPrjfolder\Network Data.IntPrjfolder\Grid.ElmNet\Composite Model PV23(5).ElmComp\shedding PV23(5).ElmDsl;1.0
\szafar.IntUser\Larger_network_AB.IntPrj\Network Model.IntPrjfolder\Network Data.IntPrjfolder\Grid.ElmNet\Composite Model PV36(4).ElmComp\shedding PV36(4).ElmDsl;1.0
\szafar.IntUser\Larger_network_AB.IntPrj\Network Model.IntPrjfolder\Network Data.IntPrjfolder\Grid.ElmNet\Composite Model PV10(7).ElmComp\shedding PV10(7).ElmDsl;1.0
\szafar.IntUser\Larger_network_AB.IntPrj\Network Model.IntPrjfolder\Network Data.IntPrjfolder\Grid.ElmNet\Composite Model PV23(6).ElmComp\shedding PV23(6).ElmDsl;1.0
\szafar.IntUser\Larger_network_AB.IntPrj\Network Model.IntPrjfolder\Network Data.IntPrjfolder\Grid.ElmNet\Composite Model PV38(3).ElmComp\shedding PV38(3).ElmDsl;1.0
\szafar.IntUser\Larger_network_AB.IntPrj\Network Model.IntPrjfolder\Network Data.IntPrjfolder\Grid.ElmNet\Composite Model PV40(1).ElmComp\shedding PV40(1).ElmDsl;1.0
\szafar.IntUser\Larger_network_AB.IntPrj\Network Model.IntPrjfolder\Network Data.IntPrjfolder\Grid.ElmNet\Composite Model PV2(1).ElmComp\shedding PV2(1).ElmDsl;1.0
\szafar.IntUser\Larger_network_AB.IntPrj\Network Model.IntPrjfolder\Network Data.IntPrjfolder\Grid.ElmNet\Composite Model PV14(8).ElmComp\shedding PV14(8).ElmDsl;1.0
\szafar.IntUser\Larger_network_AB.IntPrj\Network Model.IntPrjfolder\Network Data.IntPrjfolder\Grid.ElmNet\Composite Model PV8(7).ElmComp\shedding PV8(7).ElmDsl;1.0
\szafar.IntUser\Larger_network_AB.IntPrj\Network Model.IntPrjfolder\Network Data.IntPrjfolder\Grid.ElmNet\Composite Model PV28(6).ElmComp\shedding PV28(6).ElmDsl;1.0
\szafar.IntUser\Larger_network_AB.IntPrj\Network Model.IntPrjfolder\Network Data.IntPrjfolder\Grid.ElmNet\Composite Model PV15(8).ElmComp\shedding PV15(8).ElmDsl;1.0
\szafar.IntUser\Larger_network_AB.IntPrj\Network Model.IntPrjfolder\Network Data.IntPrjfolder\Grid.ElmNet\Composite Model PV14(6).ElmComp\shedding PV14(6).ElmDsl;1.0
\szafar.IntUser\Larger_network_AB.IntPrj\Network Model.IntPrjfolder\Network Data.IntPrjfolder\Grid.ElmNet\Composite Model PV28(4).ElmComp\shedding PV28(4).ElmDsl;1.0
\szafar.IntUser\Larger_network_AB.IntPrj\Network Model.IntPrjfolder\Network Data.IntPrjfolder\Grid.ElmNet\Composite Model PV4(6).ElmComp\shedding PV4(6).ElmDsl;1.0
\szafar.IntUser\Larger_network_AB.IntPrj\Network Model.IntPrjfolder\Network Data.IntPrjfolder\Grid.ElmNet\Composite Model PV15(6).ElmComp\shedding PV15(6).ElmDsl;1.0
\szafar.IntUser\Larger_network_AB.IntPrj\Network Model.IntPrjfolder\Network Data.IntPrjfolder\Grid.ElmNet\Composite Model PV27(6).ElmComp\shedding PV27(6).ElmDsl;1.0
\szafar.IntUser\Larger_network_AB.IntPrj\Network Model.IntPrjfolder\Network Data.IntPrjfolder\Grid.ElmNet\Composite Model PV18(8).ElmComp\shedding PV18(8).ElmDsl;1.0
\szafar.IntUser\Larger_network_AB.IntPrj\Network Model.IntPrjfolder\Network Data.IntPrjfolder\Grid.ElmNet\Composite Model PV31(3).ElmComp\shedding PV31(3).ElmDsl;1.0
\szafar.IntUser\Larger_network_AB.IntPrj\Network Model.IntPrjfolder\Network Data.IntPrjfolder\Grid.ElmNet\Composite Model PV10(1).ElmComp\shedding PV10(1).ElmDsl;1.0
\szafar.IntUser\Larger_network_AB.IntPrj\Network Model.IntPrjfolder\Network Data.IntPrjfolder\Grid.ElmNet\Composite Model PV19(8).ElmComp\shedding PV19(8).ElmDsl;1.0
\szafar.IntUser\Larger_network_AB.IntPrj\Network Model.IntPrjfolder\Network Data.IntPrjfolder\Grid.ElmNet\Composite Model PV32(3).ElmComp\shedding PV32(3).ElmDsl;1.0
\szafar.IntUser\Larger_network_AB.IntPrj\Network Model.IntPrjfolder\Network Data.IntPrjfolder\Grid.ElmNet\Composite Model PV18(6).ElmComp\shedding PV18(6).ElmDsl;1.0
\szafar.IntUser\Larger_network_AB.IntPrj\Network Model.IntPrjfolder\Network Data.IntPrjfolder\Grid.ElmNet\Composite Model PV40(3).ElmComp\shedding PV40(3).ElmDsl;1.0
\szafar.IntUser\Larger_network_AB.IntPrj\Network Model.IntPrjfolder\Network Data.IntPrjfolder\Grid.ElmNet\Composite Model PV19(6).ElmComp\shedding PV19(6).ElmDsl;1.0
\szafar.IntUser\Larger_network_AB.IntPrj\Network Model.IntPrjfolder\Network Data.IntPrjfolder\Grid.ElmNet\Composite Model PV41(3).ElmComp\shedding PV41(3).ElmDsl;1.0
\szafar.IntUser\Larger_network_AB.IntPrj\Network Model.IntPrjfolder\Network Data.IntPrjfolder\Grid.ElmNet\Composite Model PV13(1).ElmComp\shedding PV13(1).ElmDsl;1.0
\szafar.IntUser\Larger_network_AB.IntPrj\Network Model.IntPrjfolder\Network Data.IntPrjfolder\Grid.ElmNet\Composite Model PV7(8).ElmComp\shedding PV7(8).ElmDsl;1.0
\szafar.IntUser\Larger_network_AB.IntPrj\Network Model.IntPrjfolder\Network Data.IntPrjfolder\Grid.ElmNet\Composite Model PV20(6).ElmComp\shedding PV20(6).ElmDsl;1.0
\szafar.IntUser\Larger_network_AB.IntPrj\Network Model.IntPrjfolder\Network Data.IntPrjfolder\Grid.ElmNet\Composite Model PV35(3).ElmComp\shedding PV35(3).ElmDsl;1.0
\szafar.IntUser\Larger_network_AB.IntPrj\Network Model.IntPrjfolder\Network Data.IntPrjfolder\Grid.ElmNet\Composite Model PV22(5).ElmComp\shedding PV22(5).ElmDsl;1.0
\szafar.IntUser\Larger_network_AB.IntPrj\Network Model.IntPrjfolder\Network Data.IntPrjfolder\Grid.ElmNet\Composite Model PV37(2).ElmComp\shedding PV37(2).ElmDsl;1.0
\szafar.IntUser\Larger_network_AB.IntPrj\Network Model.IntPrjfolder\Network Data.IntPrjfolder\Grid.ElmNet\Composite Model PV44(3).ElmComp\shedding PV44(3).ElmDsl;1.0
\szafar.IntUser\Larger_network_AB.IntPrj\Network Model.IntPrjfolder\Network Data.IntPrjfolder\Grid.ElmNet\Composite Model PV20(4).ElmComp\shedding PV20(4).ElmDsl;1.0
\szafar.IntUser\Larger_network_AB.IntPrj\Network Model.IntPrjfolder\Network Data.IntPrjfolder\Grid.ElmNet\Composite Model PV5(5).ElmComp\shedding PV5(5).ElmDsl;1.0
\szafar.IntUser\Larger_network_AB.IntPrj\Network Model.IntPrjfolder\Network Data.IntPrjfolder\Grid.ElmNet\Composite Model PV31(5).ElmComp\shedding PV31(5).ElmDsl;1.0
\szafar.IntUser\Larger_network_AB.IntPrj\Network Model.IntPrjfolder\Network Data.IntPrjfolder\Grid.ElmNet\Composite Model PV33(4).ElmComp\shedding PV33(4).ElmDsl;1.0
\szafar.IntUser\Larger_network_AB.IntPrj\Network Model.IntPrjfolder\Network Data.IntPrjfolder\Grid.ElmNet\Composite Model PV9(4).ElmComp\shedding PV9(4).ElmDsl;1.0
\szafar.IntUser\Larger_network_AB.IntPrj\Network Model.IntPrjfolder\Network Data.IntPrjfolder\Grid.ElmNet\Composite Model PV39(3).ElmComp\shedding PV39(3).ElmDsl;1.0
\szafar.IntUser\Larger_network_AB.IntPrj\Network Model.IntPrjfolder\Network Data.IntPrjfolder\Grid.ElmNet\Composite Model PV24(6).ElmComp\shedding PV24(6).ElmDsl;1.0
\szafar.IntUser\Larger_network_AB.IntPrj\Network Model.IntPrjfolder\Network Data.IntPrjfolder\Grid.ElmNet\Composite Model PV11(8).ElmComp\shedding PV11(8).ElmDsl;1.0
\szafar.IntUser\Larger_network_AB.IntPrj\Network Model.IntPrjfolder\Network Data.IntPrjfolder\Grid.ElmNet\Composite Model PV26(5).ElmComp\shedding PV26(5).ElmDsl;1.0
\szafar.IntUser\Larger_network_AB.IntPrj\Network Model.IntPrjfolder\Network Data.IntPrjfolder\Grid.ElmNet\Composite Model PV1(4).ElmComp\shedding PV1(4).ElmDsl;1.0
\szafar.IntUser\Larger_network_AB.IntPrj\Network Model.IntPrjfolder\Network Data.IntPrjfolder\Grid.ElmNet\Composite Model PV1.ElmComp\shedding PV1.ElmDsl;1.0
\szafar.IntUser\Larger_network_AB.IntPrj\Network Model.IntPrjfolder\Network Data.IntPrjfolder\Grid.ElmNet\Composite Model PV48(3).ElmComp\shedding PV48(3).ElmDsl;1.0
\szafar.IntUser\Larger_network_AB.IntPrj\Network Model.IntPrjfolder\Network Data.IntPrjfolder\Grid.ElmNet\Composite Model PV6(2).ElmComp\shedding PV6(2).ElmDsl;1.0
\szafar.IntUser\Larger_network_AB.IntPrj\Network Model.IntPrjfolder\Network Data.IntPrjfolder\Grid.ElmNet\Composite Model PV24(4).ElmComp\shedding PV24(4).ElmDsl;1.0
\szafar.IntUser\Larger_network_AB.IntPrj\Network Model.IntPrjfolder\Network Data.IntPrjfolder\Grid.ElmNet\Composite Model PV35(5).ElmComp\shedding PV35(5).ElmDsl;1.0
\szafar.IntUser\Larger_network_AB.IntPrj\Network Model.IntPrjfolder\Network Data.IntPrjfolder\Grid.ElmNet\Composite Model PV11(6).ElmComp\shedding PV11(6).ElmDsl;1.0
\szafar.IntUser\Larger_network_AB.IntPrj\Network Model.IntPrjfolder\Network Data.IntPrjfolder\Grid.ElmNet\Composite Model PV22(7).ElmComp\shedding PV22(7).ElmDsl;1.0
\szafar.IntUser\Larger_network_AB.IntPrj\Network Model.IntPrjfolder\Network Data.IntPrjfolder\Grid.ElmNet\Composite Model PV17(1).ElmComp\shedding PV17(1).ElmDsl;1.0
\szafar.IntUser\Larger_network_AB.IntPrj\Network Model.IntPrjfolder\Network Data.IntPrjfolder\Grid.ElmNet\Composite Model PV37(4).ElmComp\shedding PV37(4).ElmDsl;1.0
\szafar.IntUser\Larger_network_AB.IntPrj\Network Model.IntPrjfolder\Network Data.IntPrjfolder\Grid.ElmNet\Composite Model PV17(5).ElmComp\shedding PV17(5).ElmDsl;1.0
\szafar.IntUser\Larger_network_AB.IntPrj\Network Model.IntPrjfolder\Network Data.IntPrjfolder\Grid.ElmNet\Composite Model PV6(4).ElmComp\shedding PV6(4).ElmDsl;1.0
\szafar.IntUser\Larger_network_AB.IntPrj\Network Model.IntPrjfolder\Network Data.IntPrjfolder\Grid.ElmNet\Composite Model PV18(5).ElmComp\shedding PV18(5).ElmDsl;1.0
\szafar.IntUser\Larger_network_AB.IntPrj\Network Model.IntPrjfolder\Network Data.IntPrjfolder\Grid.ElmNet\Composite Model PV7(2).ElmComp\shedding PV7(2).ElmDsl;1.0
\szafar.IntUser\Larger_network_AB.IntPrj\Network Model.IntPrjfolder\Network Data.IntPrjfolder\Grid.ElmNet\Composite Model PV25(7).ElmComp\shedding PV25(7).ElmDsl;1.0
\szafar.IntUser\Larger_network_AB.IntPrj\Network Model.IntPrjfolder\Network Data.IntPrjfolder\Grid.ElmNet\Composite Model PV5.ElmComp\shedding PV5.ElmDsl;1.0
\szafar.IntUser\Larger_network_AB.IntPrj\Network Model.IntPrjfolder\Network Data.IntPrjfolder\Grid.ElmNet\Composite Model PV5(6).ElmComp\shedding PV5(6).ElmDsl;1.0
\szafar.IntUser\Larger_network_AB.IntPrj\Network Model.IntPrjfolder\Network Data.IntPrjfolder\Grid.ElmNet\Composite Model PV9(7).ElmComp\shedding PV9(7).ElmDsl;1.0
\szafar.IntUser\Larger_network_AB.IntPrj\Network Model.IntPrjfolder\Network Data.IntPrjfolder\Grid.ElmNet\Composite Model PV41(4).ElmComp\shedding PV41(4).ElmDsl;1.0
\szafar.IntUser\Larger_network_AB.IntPrj\Network Model.IntPrjfolder\Network Data.IntPrjfolder\Grid.ElmNet\Composite Model PV2(3).ElmComp\shedding PV2(3).ElmDsl;1.0
\szafar.IntUser\Larger_network_AB.IntPrj\Network Model.IntPrjfolder\Network Data.IntPrjfolder\Grid.ElmNet\Composite Model PV1(5).ElmComp\shedding PV1(5).ElmDsl;1.0
\szafar.IntUser\Larger_network_AB.IntPrj\Network Model.IntPrjfolder\Network Data.IntPrjfolder\Grid.ElmNet\Composite Model PV42(4).ElmComp\shedding PV42(4).ElmDsl;1.0
\szafar.IntUser\Larger_network_AB.IntPrj\Network Model.IntPrjfolder\Network Data.IntPrjfolder\Grid.ElmNet\Composite Model PV19(5).ElmComp\shedding PV19(5).ElmDsl;1.0
\szafar.IntUser\Larger_network_AB.IntPrj\Network Model.IntPrjfolder\Network Data.IntPrjfolder\Grid.ElmNet\Composite Model PV3(1).ElmComp\shedding PV3(1).ElmDsl;1.0
\szafar.IntUser\Larger_network_AB.IntPrj\Network Model.IntPrjfolder\Network Data.IntPrjfolder\Grid.ElmNet\Composite Model PV40(4).ElmComp\shedding PV40(4).ElmDsl;1.0
\szafar.IntUser\Larger_network_AB.IntPrj\Network Model.IntPrjfolder\Network Data.IntPrjfolder\Grid.ElmNet\Composite Model PV23(3).ElmComp\shedding PV23(3).ElmDsl;1.0
\szafar.IntUser\Larger_network_AB.IntPrj\Network Model.IntPrjfolder\Network Data.IntPrjfolder\Grid.ElmNet\Composite Model PV1(7).ElmComp\shedding PV1(7).ElmDsl;1.0
\szafar.IntUser\Larger_network_AB.IntPrj\Network Model.IntPrjfolder\Network Data.IntPrjfolder\Grid.ElmNet\Composite Model PV36(2).ElmComp\shedding PV36(2).ElmDsl;1.0
\szafar.IntUser\Larger_network_AB.IntPrj\Network Model.IntPrjfolder\Network Data.IntPrjfolder\Grid.ElmNet\Composite Model PV10(5).ElmComp\shedding PV10(5).ElmDsl;1.0
\szafar.IntUser\Larger_network_AB.IntPrj\Network Model.IntPrjfolder\Network Data.IntPrjfolder\Grid.ElmNet\Composite Model PV38(1).ElmComp\shedding PV38(1).ElmDsl;1.0
\szafar.IntUser\Larger_network_AB.IntPrj\Network Model.IntPrjfolder\Network Data.IntPrjfolder\Grid.ElmNet\Composite Model PV23(4).ElmComp\shedding PV23(4).ElmDsl;1.0
\szafar.IntUser\Larger_network_AB.IntPrj\Network Model.IntPrjfolder\Network Data.IntPrjfolder\Grid.ElmNet\Composite Model PV30(5).ElmComp\shedding PV30(5).ElmDsl;1.0
\szafar.IntUser\Larger_network_AB.IntPrj\Network Model.IntPrjfolder\Network Data.IntPrjfolder\Grid.ElmNet\Composite Model PV10(2).ElmComp\shedding PV10(2).ElmDsl;1.0
\szafar.IntUser\Larger_network_AB.IntPrj\Network Model.IntPrjfolder\Network Data.IntPrjfolder\Grid.ElmNet\Composite Model PV2(5).ElmComp\shedding PV2(5).ElmDsl;1.0
\szafar.IntUser\Larger_network_AB.IntPrj\Network Model.IntPrjfolder\Network Data.IntPrjfolder\Grid.ElmNet\Composite Model PV34(2).ElmComp\shedding PV34(2).ElmDsl;1.0
\szafar.IntUser\Larger_network_AB.IntPrj\Network Model.IntPrjfolder\Network Data.IntPrjfolder\Grid.ElmNet\Composite Model PV12(1).ElmComp\shedding PV12(1).ElmDsl;1.0
\szafar.IntUser\Larger_network_AB.IntPrj\Network Model.IntPrjfolder\Network Data.IntPrjfolder\Grid.ElmNet\Composite Model PV4(8).ElmComp\shedding PV4(8).ElmDsl;1.0
\szafar.IntUser\Larger_network_AB.IntPrj\Network Model.IntPrjfolder\Network Data.IntPrjfolder\Grid.ElmNet\Composite Model PV21(4).ElmComp\shedding PV21(4).ElmDsl;1.0
\szafar.IntUser\Larger_network_AB.IntPrj\Network Model.IntPrjfolder\Network Data.IntPrjfolder\Grid.ElmNet\Composite Model PV36(1).ElmComp\shedding PV36(1).ElmDsl;1.0
\szafar.IntUser\Larger_network_AB.IntPrj\Network Model.IntPrjfolder\Network Data.IntPrjfolder\Grid.ElmNet\Composite Model PV16(2).ElmComp\shedding PV16(2).ElmDsl;1.0
\szafar.IntUser\Larger_network_AB.IntPrj\Network Model.IntPrjfolder\Network Data.IntPrjfolder\Grid.ElmNet\Composite Model PV49(4).ElmComp\shedding PV49(4).ElmDsl;1.0
\szafar.IntUser\Larger_network_AB.IntPrj\Network Model.IntPrjfolder\Network Data.IntPrjfolder\Grid.ElmNet\Composite Model PV23(7).ElmComp\shedding PV23(7).ElmDsl;1.0
\szafar.IntUser\Larger_network_AB.IntPrj\Network Model.IntPrjfolder\Network Data.IntPrjfolder\Grid.ElmNet\Composite Model PV18(1).ElmComp\shedding PV18(1).ElmDsl;1.0
\szafar.IntUser\Larger_network_AB.IntPrj\Network Model.IntPrjfolder\Network Data.IntPrjfolder\Grid.ElmNet\Composite Model PV36(6).ElmComp\shedding PV36(6).ElmDsl;1.0
\szafar.IntUser\Larger_network_AB.IntPrj\Network Model.IntPrjfolder\Network Data.IntPrjfolder\Grid.ElmNet\Composite Model PV23(8).ElmComp\shedding PV23(8).ElmDsl;1.0
\szafar.IntUser\Larger_network_AB.IntPrj\Network Model.IntPrjfolder\Network Data.IntPrjfolder\Grid.ElmNet\Composite Model PV38(5).ElmComp\shedding PV38(5).ElmDsl;1.0
\szafar.IntUser\Larger_network_AB.IntPrj\Network Model.IntPrjfolder\Network Data.IntPrjfolder\Grid.ElmNet\Composite Model PV18(2).ElmComp\shedding PV18(2).ElmDsl;1.0
\szafar.IntUser\Larger_network_AB.IntPrj\Network Model.IntPrjfolder\Network Data.IntPrjfolder\Grid.ElmNet\Composite Model PV47(4).ElmComp\shedding PV47(4).ElmDsl;1.0
\szafar.IntUser\Larger_network_AB.IntPrj\Network Model.IntPrjfolder\Network Data.IntPrjfolder\Grid.ElmNet\Composite Model PV10(6).ElmComp\shedding PV10(6).ElmDsl;1.0
\szafar.IntUser\Larger_network_AB.IntPrj\Network Model.IntPrjfolder\Network Data.IntPrjfolder\Grid.ElmNet\Composite Model PV25(3).ElmComp\shedding PV25(3).ElmDsl;1.0
\szafar.IntUser\Larger_network_AB.IntPrj\Network Model.IntPrjfolder\Network Data.IntPrjfolder\Grid.ElmNet\Composite Model PV34(6).ElmComp\shedding PV34(6).ElmDsl;1.0
\szafar.IntUser\Larger_network_AB.IntPrj\Network Model.IntPrjfolder\Network Data.IntPrjfolder\Grid.ElmNet\Composite Model PV12(5).ElmComp\shedding PV12(5).ElmDsl;1.0
\szafar.IntUser\Larger_network_AB.IntPrj\Network Model.IntPrjfolder\Network Data.IntPrjfolder\Grid.ElmNet\Composite Model PV49(3).ElmComp\shedding PV49(3).ElmDsl;1.0
\szafar.IntUser\Larger_network_AB.IntPrj\Network Model.IntPrjfolder\Network Data.IntPrjfolder\Grid.ElmNet\Composite Model PV21(8).ElmComp\shedding PV21(8).ElmDsl;1.0
\szafar.IntUser\Larger_network_AB.IntPrj\Network Model.IntPrjfolder\Network Data.IntPrjfolder\Grid.ElmNet\Composite Model PV36(5).ElmComp\shedding PV36(5).ElmDsl;1.0
\szafar.IntUser\Larger_network_AB.IntPrj\Network Model.IntPrjfolder\Network Data.IntPrjfolder\Grid.ElmNet\Composite Model PV16(6).ElmComp\shedding PV16(6).ElmDsl;1.0
\szafar.IntUser\Larger_network_AB.IntPrj\Network Model.IntPrjfolder\Network Data.IntPrjfolder\Grid.ElmNet\Composite Model PV10.ElmComp\shedding PV10.ElmDsl;1.0
\szafar.IntUser\Larger_network_AB.IntPrj\Network Model.IntPrjfolder\Network Data.IntPrjfolder\Grid.ElmNet\Composite Model PV38(8).ElmComp\shedding PV38(8).ElmDsl;1.0
\szafar.IntUser\Larger_network_AB.IntPrj\Network Model.IntPrjfolder\Network Data.IntPrjfolder\Grid.ElmNet\Composite Model PV17(6).ElmComp\shedding PV17(6).ElmDsl;1.0
\szafar.IntUser\Larger_network_AB.IntPrj\Network Model.IntPrjfolder\Network Data.IntPrjfolder\Grid.ElmNet\Composite Model PV51(3).ElmComp\shedding PV51(3).ElmDsl;1.0
\szafar.IntUser\Larger_network_AB.IntPrj\Network Model.IntPrjfolder\Network Data.IntPrjfolder\Grid.ElmNet\Composite Model PV30(1).ElmComp\shedding PV30(1).ElmDsl;1.0
\szafar.IntUser\Larger_network_AB.IntPrj\Network Model.IntPrjfolder\Network Data.IntPrjfolder\Grid.ElmNet\Composite Model PV39(8).ElmComp\shedding PV39(8).ElmDsl;1.0
\szafar.IntUser\Larger_network_AB.IntPrj\Network Model.IntPrjfolder\Network Data.IntPrjfolder\Grid.ElmNet\Composite Model PV8(2).ElmComp\shedding PV8(2).ElmDsl;1.0
\szafar.IntUser\Larger_network_AB.IntPrj\Network Model.IntPrjfolder\Network Data.IntPrjfolder\Grid.ElmNet\Composite Model PV7(4).ElmComp\shedding PV7(4).ElmDsl;1.0
\szafar.IntUser\Larger_network_AB.IntPrj\Network Model.IntPrjfolder\Network Data.IntPrjfolder\Grid.ElmNet\Composite Model PV12(8).ElmComp\shedding PV12(8).ElmDsl;1.0
\szafar.IntUser\Larger_network_AB.IntPrj\Network Model.IntPrjfolder\Network Data.IntPrjfolder\Grid.ElmNet\Composite Model PV26(6).ElmComp\shedding PV26(6).ElmDsl;1.0
\szafar.IntUser\Larger_network_AB.IntPrj\Network Model.IntPrjfolder\Network Data.IntPrjfolder\Grid.ElmNet\Composite Model PV13(8).ElmComp\shedding PV13(8).ElmDsl;1.0
\szafar.IntUser\Larger_network_AB.IntPrj\Network Model.IntPrjfolder\Network Data.IntPrjfolder\Grid.ElmNet\Composite Model PV29(4).ElmComp\shedding PV29(4).ElmDsl;1.0
\szafar.IntUser\Larger_network_AB.IntPrj\Network Model.IntPrjfolder\Network Data.IntPrjfolder\Grid.ElmNet\Composite Model PV9.ElmComp\shedding PV9.ElmDsl;1.0
\szafar.IntUser\Larger_network_AB.IntPrj\Network Model.IntPrjfolder\Network Data.IntPrjfolder\Grid.ElmNet\Composite Model PV42(3).ElmComp\shedding PV42(3).ElmDsl;1.0
\szafar.IntUser\Larger_network_AB.IntPrj\Network Model.IntPrjfolder\Network Data.IntPrjfolder\Grid.ElmNet\Composite Model PV3(3).ElmComp\shedding PV3(3).ElmDsl;1.0
\szafar.IntUser\Larger_network_AB.IntPrj\Network Model.IntPrjfolder\Network Data.IntPrjfolder\Grid.ElmNet\Composite Model PV21(1).ElmComp\shedding PV21(1).ElmDsl;1.0
\szafar.IntUser\Larger_network_AB.IntPrj\Network Model.IntPrjfolder\Network Data.IntPrjfolder\Grid.ElmNet\Composite Model PV43(3).ElmComp\shedding PV43(3).ElmDsl;1.0
\szafar.IntUser\Larger_network_AB.IntPrj\Network Model.IntPrjfolder\Network Data.IntPrjfolder\Grid.ElmNet\Composite Model PV52(3).ElmComp\shedding PV52(3).ElmDsl;1.0
\szafar.IntUser\Larger_network_AB.IntPrj\Network Model.IntPrjfolder\Network Data.IntPrjfolder\Grid.ElmNet\Composite Model PV4(1).ElmComp\shedding PV4(1).ElmDsl;1.0
\szafar.IntUser\Larger_network_AB.IntPrj\Network Model.IntPrjfolder\Network Data.IntPrjfolder\Grid.ElmNet\Composite Model PV20(1).ElmComp\shedding PV20(1).ElmDsl;1.0
\szafar.IntUser\Larger_network_AB.IntPrj\Network Model.IntPrjfolder\Network Data.IntPrjfolder\Grid.ElmNet\Composite Model PV29(8).ElmComp\shedding PV29(8).ElmDsl;1.0
\szafar.IntUser\Larger_network_AB.IntPrj\Network Model.IntPrjfolder\Network Data.IntPrjfolder\Grid.ElmNet\Composite Model PV22(4).ElmComp\shedding PV22(4).ElmDsl;1.0
\szafar.IntUser\Larger_network_AB.IntPrj\Network Model.IntPrjfolder\Network Data.IntPrjfolder\Grid.ElmNet\Composite Model PV37(1).ElmComp\shedding PV37(1).ElmDsl;1.0
\szafar.IntUser\Larger_network_AB.IntPrj\Network Model.IntPrjfolder\Network Data.IntPrjfolder\Grid.ElmNet\Composite Model PV3(5).ElmComp\shedding PV3(5).ElmDsl;1.0
\szafar.IntUser\Larger_network_AB.IntPrj\Network Model.IntPrjfolder\Network Data.IntPrjfolder\Grid.ElmNet\Composite Model PV24(3).ElmComp\shedding PV24(3).ElmDsl;1.0
\szafar.IntUser\Larger_network_AB.IntPrj\Network Model.IntPrjfolder\Network Data.IntPrjfolder\Grid.ElmNet\Composite Model PV11(1).ElmComp\shedding PV11(1).ElmDsl;1.0
\szafar.IntUser\Larger_network_AB.IntPrj\Network Model.IntPrjfolder\Network Data.IntPrjfolder\Grid.ElmNet\Composite Model PV5(8).ElmComp\shedding PV5(8).ElmDsl;1.0
\szafar.IntUser\Larger_network_AB.IntPrj\Network Model.IntPrjfolder\Network Data.IntPrjfolder\Grid.ElmNet\Composite Model PV33(3).ElmComp\shedding PV33(3).ElmDsl;1.0
\szafar.IntUser\Larger_network_AB.IntPrj\Network Model.IntPrjfolder\Network Data.IntPrjfolder\Grid.ElmNet\Composite Model PV2(7).ElmComp\shedding PV2(7).ElmDsl;1.0
\szafar.IntUser\Larger_network_AB.IntPrj\Network Model.IntPrjfolder\Network Data.IntPrjfolder\Grid.ElmNet\Composite Model PV20(5).ElmComp\shedding PV20(5).ElmDsl;1.0
\szafar.IntUser\Larger_network_AB.IntPrj\Network Model.IntPrjfolder\Network Data.IntPrjfolder\Grid.ElmNet\Composite Model PV40(8).ElmComp\shedding PV40(8).ElmDsl;1.0
\szafar.IntUser\Larger_network_AB.IntPrj\Network Model.IntPrjfolder\Network Data.IntPrjfolder\Grid.ElmNet\Composite Model PV35(2).ElmComp\shedding PV35(2).ElmDsl;1.0
\szafar.IntUser\Larger_network_AB.IntPrj\Network Model.IntPrjfolder\Network Data.IntPrjfolder\Grid.ElmNet\Composite Model PV15(3).ElmComp\shedding PV15(3).ElmDsl;1.0
\szafar.IntUser\Larger_network_AB.IntPrj\Network Model.IntPrjfolder\Network Data.IntPrjfolder\Grid.ElmNet\Composite Model PV6(6).ElmComp\shedding PV6(6).ElmDsl;1.0
\szafar.IntUser\Larger_network_AB.IntPrj\Network Model.IntPrjfolder\Network Data.IntPrjfolder\Grid.ElmNet\Composite Model PV17(2).ElmComp\shedding PV17(2).ElmDsl;1.0
\szafar.IntUser\Larger_network_AB.IntPrj\Network Model.IntPrjfolder\Network Data.IntPrjfolder\Grid.ElmNet\Composite Model PV22(8).ElmComp\shedding PV22(8).ElmDsl;1.0
\szafar.IntUser\Larger_network_AB.IntPrj\Network Model.IntPrjfolder\Network Data.IntPrjfolder\Grid.ElmNet\Composite Model PV37(5).ElmComp\shedding PV37(5).ElmDsl;1.0
\szafar.IntUser\Larger_network_AB.IntPrj\Network Model.IntPrjfolder\Network Data.IntPrjfolder\Grid.ElmNet\Composite Model PV24(7).ElmComp\shedding PV24(7).ElmDsl;1.0
\szafar.IntUser\Larger_network_AB.IntPrj\Network Model.IntPrjfolder\Network Data.IntPrjfolder\Grid.ElmNet\Composite Model PV39(4).ElmComp\shedding PV39(4).ElmDsl;1.0
\szafar.IntUser\Larger_network_AB.IntPrj\Network Model.IntPrjfolder\Network Data.IntPrjfolder\Grid.ElmNet\Composite Model PV19(1).ElmComp\shedding PV19(1).ElmDsl;1.0
\szafar.IntUser\Larger_network_AB.IntPrj\Network Model.IntPrjfolder\Network Data.IntPrjfolder\Grid.ElmNet\Composite Model PV31(8).ElmComp\shedding PV31(8).ElmDsl;1.0
\szafar.IntUser\Larger_network_AB.IntPrj\Network Model.IntPrjfolder\Network Data.IntPrjfolder\Grid.ElmNet\Composite Model PV11(5).ElmComp\shedding PV11(5).ElmDsl;1.0
\szafar.IntUser\Larger_network_AB.IntPrj\Network Model.IntPrjfolder\Network Data.IntPrjfolder\Grid.ElmNet\Composite Model PV26(2).ElmComp\shedding PV26(2).ElmDsl;1.0
\szafar.IntUser\Larger_network_AB.IntPrj\Network Model.IntPrjfolder\Network Data.IntPrjfolder\Grid.ElmNet\Composite Model PV33(7).ElmComp\shedding PV33(7).ElmDsl;1.0
\szafar.IntUser\Larger_network_AB.IntPrj\Network Model.IntPrjfolder\Network Data.IntPrjfolder\Grid.ElmNet\Composite Model PV48(4).ElmComp\shedding PV48(4).ElmDsl;1.0
\szafar.IntUser\Larger_network_AB.IntPrj\Network Model.IntPrjfolder\Network Data.IntPrjfolder\Grid.ElmNet\Composite Model PV13(4).ElmComp\shedding PV13(4).ElmDsl;1.0
\szafar.IntUser\Larger_network_AB.IntPrj\Network Model.IntPrjfolder\Network Data.IntPrjfolder\Grid.ElmNet\Composite Model PV28(1).ElmComp\shedding PV28(1).ElmDsl;1.0
\szafar.IntUser\Larger_network_AB.IntPrj\Network Model.IntPrjfolder\Network Data.IntPrjfolder\Grid.ElmNet\Composite Model PV35(6).ElmComp\shedding PV35(6).ElmDsl;1.0
\szafar.IntUser\Larger_network_AB.IntPrj\Network Model.IntPrjfolder\Network Data.IntPrjfolder\Grid.ElmNet\Composite Model PV19(3).ElmComp\shedding PV19(3).ElmDsl;1.0
\szafar.IntUser\Larger_network_AB.IntPrj\Network Model.IntPrjfolder\Network Data.IntPrjfolder\Grid.ElmNet\Composite Model PV3(6).ElmComp\shedding PV3(6).ElmDsl;1.0
\szafar.IntUser\Larger_network_AB.IntPrj\Network Model.IntPrjfolder\Network Data.IntPrjfolder\Grid.ElmNet\Composite Model PV39(7).ElmComp\shedding PV39(7).ElmDsl;1.0
\szafar.IntUser\Larger_network_AB.IntPrj\Network Model.IntPrjfolder\Network Data.IntPrjfolder\Grid.ElmNet\Composite Model PV50(4).ElmComp\shedding PV50(4).ElmDsl;1.0
\szafar.IntUser\Larger_network_AB.IntPrj\Network Model.IntPrjfolder\Network Data.IntPrjfolder\Grid.ElmNet\Composite Model PV17(3).ElmComp\shedding PV17(3).ElmDsl;1.0
\szafar.IntUser\Larger_network_AB.IntPrj\Network Model.IntPrjfolder\Network Data.IntPrjfolder\Grid.ElmNet\Composite Model PV37(7).ElmComp\shedding PV37(7).ElmDsl;1.0
\szafar.IntUser\Larger_network_AB.IntPrj\Network Model.IntPrjfolder\Network Data.IntPrjfolder\Grid.ElmNet\Composite Model PV18(3).ElmComp\shedding PV18(3).ElmDsl;1.0
\szafar.IntUser\Larger_network_AB.IntPrj\Network Model.IntPrjfolder\Network Data.IntPrjfolder\Grid.ElmNet\Composite Model PV7(7).ElmComp\shedding PV7(7).ElmDsl;1.0
\szafar.IntUser\Larger_network_AB.IntPrj\Network Model.IntPrjfolder\Network Data.IntPrjfolder\Grid.ElmNet\Composite Model PV38(7).ElmComp\shedding PV38(7).ElmDsl;1.0
\szafar.IntUser\Larger_network_AB.IntPrj\Network Model.IntPrjfolder\Network Data.IntPrjfolder\Grid.ElmNet\Composite Model PV20(2).ElmComp\shedding PV20(2).ElmDsl;1.0
\szafar.IntUser\Larger_network_AB.IntPrj\Network Model.IntPrjfolder\Network Data.IntPrjfolder\Grid.ElmNet\Composite Model PV53(4).ElmComp\shedding PV53(4).ElmDsl;1.0
\szafar.IntUser\Larger_network_AB.IntPrj\Network Model.IntPrjfolder\Network Data.IntPrjfolder\Grid.ElmNet\Composite Model PV9(3).ElmComp\shedding PV9(3).ElmDsl;1.0
\szafar.IntUser\Larger_network_AB.IntPrj\Network Model.IntPrjfolder\Network Data.IntPrjfolder\Grid.ElmNet\Composite Model PV40(6).ElmComp\shedding PV40(6).ElmDsl;1.0
\szafar.IntUser\Larger_network_AB.IntPrj\Network Model.IntPrjfolder\Network Data.IntPrjfolder\Grid.ElmNet\Composite Model PV21(2).ElmComp\shedding PV21(2).ElmDsl;1.0
\szafar.IntUser\Larger_network_AB.IntPrj\Network Model.IntPrjfolder\Network Data.IntPrjfolder\Grid.ElmNet\Composite Model PV54(4).ElmComp\shedding PV54(4).ElmDsl;1.0
\szafar.IntUser\Larger_network_AB.IntPrj\Network Model.IntPrjfolder\Network Data.IntPrjfolder\Grid.ElmNet\Composite Model PV4(3).ElmComp\shedding PV4(3).ElmDsl;1.0
\szafar.IntUser\Larger_network_AB.IntPrj\Network Model.IntPrjfolder\Network Data.IntPrjfolder\Grid.ElmNet\Composite Model PV51(4).ElmComp\shedding PV51(4).ElmDsl;1.0
\szafar.IntUser\Larger_network_AB.IntPrj\Network Model.IntPrjfolder\Network Data.IntPrjfolder\Grid.ElmNet\Composite Model PV1(1).ElmComp\shedding PV1(1).ElmDsl;1.0
\szafar.IntUser\Larger_network_AB.IntPrj\Network Model.IntPrjfolder\Network Data.IntPrjfolder\Grid.ElmNet\Composite Model PV52(4).ElmComp\shedding PV52(4).ElmDsl;1.0
\szafar.IntUser\Larger_network_AB.IntPrj\Network Model.IntPrjfolder\Network Data.IntPrjfolder\Grid.ElmNet\Composite Model PV10(4).ElmComp\shedding PV10(4).ElmDsl;1.0
\szafar.IntUser\Larger_network_AB.IntPrj\Network Model.IntPrjfolder\Network Data.IntPrjfolder\Grid.ElmNet\Composite Model PV30(7).ElmComp\shedding PV30(7).ElmDsl;1.0
\szafar.IntUser\Larger_network_AB.IntPrj\Network Model.IntPrjfolder\Network Data.IntPrjfolder\Grid.ElmNet\Composite Model PV25(1).ElmComp\shedding PV25(1).ElmDsl;1.0
\szafar.IntUser\Larger_network_AB.IntPrj\Network Model.IntPrjfolder\Network Data.IntPrjfolder\Grid.ElmNet\Composite Model PV4(5).ElmComp\shedding PV4(5).ElmDsl;1.0
\szafar.IntUser\Larger_network_AB.IntPrj\Network Model.IntPrjfolder\Network Data.IntPrjfolder\Grid.ElmNet\Composite Model PV30(8).ElmComp\shedding PV30(8).ElmDsl;1.0
\szafar.IntUser\Larger_network_AB.IntPrj\Network Model.IntPrjfolder\Network Data.IntPrjfolder\Grid.ElmNet\Composite Model PV12(3).ElmComp\shedding PV12(3).ElmDsl;1.0
\szafar.IntUser\Larger_network_AB.IntPrj\Network Model.IntPrjfolder\Network Data.IntPrjfolder\Grid.ElmNet\Composite Model PV25(2).ElmComp\shedding PV25(2).ElmDsl;1.0
\szafar.IntUser\Larger_network_AB.IntPrj\Network Model.IntPrjfolder\Network Data.IntPrjfolder\Grid.ElmNet\Composite Model PV23(1).ElmComp\shedding PV23(1).ElmDsl;1.0
\szafar.IntUser\Larger_network_AB.IntPrj\Network Model.IntPrjfolder\Network Data.IntPrjfolder\Grid.ElmNet\Composite Model PV10(3).ElmComp\shedding PV10(3).ElmDsl;1.0
\szafar.IntUser\Larger_network_AB.IntPrj\Network Model.IntPrjfolder\Network Data.IntPrjfolder\Grid.ElmNet\Composite Model PV23(2).ElmComp\shedding PV23(2).ElmDsl;1.0
\szafar.IntUser\Larger_network_AB.IntPrj\Network Model.IntPrjfolder\Network Data.IntPrjfolder\Grid.ElmNet\Composite Model PV6(8).ElmComp\shedding PV6(8).ElmDsl;1.0
\szafar.IntUser\Larger_network_AB.IntPrj\Network Model.IntPrjfolder\Network Data.IntPrjfolder\Grid.ElmNet\Composite Model PV14(4).ElmComp\shedding PV14(4).ElmDsl;1.0
\szafar.IntUser\Larger_network_AB.IntPrj\Network Model.IntPrjfolder\Network Data.IntPrjfolder\Grid.ElmNet\Composite Model PV34(7).ElmComp\shedding PV34(7).ElmDsl;1.0
\szafar.IntUser\Larger_network_AB.IntPrj\Network Model.IntPrjfolder\Network Data.IntPrjfolder\Grid.ElmNet\Composite Model PV29(1).ElmComp\shedding PV29(1).ElmDsl;1.0
\szafar.IntUser\Larger_network_AB.IntPrj\Network Model.IntPrjfolder\Network Data.IntPrjfolder\Grid.ElmNet\Composite Model PV8(4).ElmComp\shedding PV8(4).ElmDsl;1.0
\szafar.IntUser\Larger_network_AB.IntPrj\Network Model.IntPrjfolder\Network Data.IntPrjfolder\Grid.ElmNet\Composite Model PV34(8).ElmComp\shedding PV34(8).ElmDsl;1.0
\szafar.IntUser\Larger_network_AB.IntPrj\Network Model.IntPrjfolder\Network Data.IntPrjfolder\Grid.ElmNet\Composite Model PV16(3).ElmComp\shedding PV16(3).ElmDsl;1.0
\szafar.IntUser\Larger_network_AB.IntPrj\Network Model.IntPrjfolder\Network Data.IntPrjfolder\Grid.ElmNet\Composite Model PV5(2).ElmComp\shedding PV5(2).ElmDsl;1.0
\szafar.IntUser\Larger_network_AB.IntPrj\Network Model.IntPrjfolder\Network Data.IntPrjfolder\Grid.ElmNet\Composite Model PV29(2).ElmComp\shedding PV29(2).ElmDsl;1.0
\szafar.IntUser\Larger_network_AB.IntPrj\Network Model.IntPrjfolder\Network Data.IntPrjfolder\Grid.ElmNet\Composite Model PV36(7).ElmComp\shedding PV36(7).ElmDsl;1.0
\szafar.IntUser\Larger_network_AB.IntPrj\Network Model.IntPrjfolder\Network Data.IntPrjfolder\Grid.ElmNet\Composite Model PV32(7).ElmComp\shedding PV32(7).ElmDsl;1.0
\szafar.IntUser\Larger_network_AB.IntPrj\Network Model.IntPrjfolder\Network Data.IntPrjfolder\Grid.ElmNet\Composite Model PV12(4).ElmComp\shedding PV12(4).ElmDsl;1.0
\szafar.IntUser\Larger_network_AB.IntPrj\Network Model.IntPrjfolder\Network Data.IntPrjfolder\Grid.ElmNet\Composite Model PV27(1).ElmComp\shedding PV27(1).ElmDsl;1.0
\szafar.IntUser\Larger_network_AB.IntPrj\Network Model.IntPrjfolder\Network Data.IntPrjfolder\Grid.ElmNet\Composite Model PV32(8).ElmComp\shedding PV32(8).ElmDsl;1.0
\szafar.IntUser\Larger_network_AB.IntPrj\Network Model.IntPrjfolder\Network Data.IntPrjfolder\Grid.ElmNet\Composite Model PV14(3).ElmComp\shedding PV14(3).ElmDsl;1.0
\szafar.IntUser\Larger_network_AB.IntPrj\Network Model.IntPrjfolder\Network Data.IntPrjfolder\Grid.ElmNet\Composite Model PV27(2).ElmComp\shedding PV27(2).ElmDsl;1.0
\szafar.IntUser\Larger_network_AB.IntPrj\Network Model.IntPrjfolder\Network Data.IntPrjfolder\Grid.ElmNet\Composite Model PV18(4).ElmComp\shedding PV18(4).ElmDsl;1.0
\szafar.IntUser\Larger_network_AB.IntPrj\Network Model.IntPrjfolder\Network Data.IntPrjfolder\Grid.ElmNet\Composite Model PV37(8).ElmComp\shedding PV37(8).ElmDsl;1.0
\szafar.IntUser\Larger_network_AB.IntPrj\Network Model.IntPrjfolder\Network Data.IntPrjfolder\Grid.ElmNet\Composite Model PV5(4).ElmComp\shedding PV5(4).ElmDsl;1.0
\szafar.IntUser\Larger_network_AB.IntPrj\Network Model.IntPrjfolder\Network Data.IntPrjfolder\Grid.ElmNet\Composite Model PV50(3).ElmComp\shedding PV50(3).ElmDsl;1.0
\szafar.IntUser\Larger_network_AB.IntPrj\Network Model.IntPrjfolder\Network Data.IntPrjfolder\Grid.ElmNet\Composite Model PV19(4).ElmComp\shedding PV19(4).ElmDsl;1.0
\szafar.IntUser\Larger_network_AB.IntPrj\Network Model.IntPrjfolder\Network Data.IntPrjfolder\Grid.ElmNet\Composite Model PV27(8).ElmComp\shedding PV27(8).ElmDsl;1.0
\szafar.IntUser\Larger_network_AB.IntPrj\Network Model.IntPrjfolder\Network Data.IntPrjfolder\Grid.ElmNet\Composite Model PV9(5).ElmComp\shedding PV9(5).ElmDsl;1.0
\szafar.IntUser\Larger_network_AB.IntPrj\Network Model.IntPrjfolder\Network Data.IntPrjfolder\Grid.ElmNet\Composite Model PV24(8).ElmComp\shedding PV24(8).ElmDsl;1.0
\szafar.IntUser\Larger_network_AB.IntPrj\Network Model.IntPrjfolder\Network Data.IntPrjfolder\Grid.ElmNet\Composite Model PV19(2).ElmComp\shedding PV19(2).ElmDsl;1.0
\szafar.IntUser\Larger_network_AB.IntPrj\Network Model.IntPrjfolder\Network Data.IntPrjfolder\Grid.ElmNet\Composite Model PV36(8).ElmComp\shedding PV36(8).ElmDsl;1.0
\szafar.IntUser\Larger_network_AB.IntPrj\Network Model.IntPrjfolder\Network Data.IntPrjfolder\Grid.ElmNet\Composite Model PV3(8).ElmComp\shedding PV3(8).ElmDsl;1.0
\szafar.IntUser\Larger_network_AB.IntPrj\Network Model.IntPrjfolder\Network Data.IntPrjfolder\Grid.ElmNet\Composite Model PV40(5).ElmComp\shedding PV40(5).ElmDsl;1.0
\szafar.IntUser\Larger_network_AB.IntPrj\Network Model.IntPrjfolder\Network Data.IntPrjfolder\Grid.ElmNet\Composite Model PV54(3).ElmComp\shedding PV54(3).ElmDsl;1.0
\szafar.IntUser\Larger_network_AB.IntPrj\Network Model.IntPrjfolder\Network Data.IntPrjfolder\Grid.ElmNet\Composite Model PV6(1).ElmComp\shedding PV6(1).ElmDsl;1.0
\szafar.IntUser\Larger_network_AB.IntPrj\Network Model.IntPrjfolder\Network Data.IntPrjfolder\Grid.ElmNet\Composite Model PV22(1).ElmComp\shedding PV22(1).ElmDsl;1.0
\szafar.IntUser\Larger_network_AB.IntPrj\Network Model.IntPrjfolder\Network Data.IntPrjfolder\Grid.ElmNet\Composite Model PV1(3).ElmComp\shedding PV1(3).ElmDsl;1.0
\szafar.IntUser\Larger_network_AB.IntPrj\Network Model.IntPrjfolder\Network Data.IntPrjfolder\Grid.ElmNet\Composite Model PV28(8).ElmComp\shedding PV28(8).ElmDsl;1.0
\szafar.IntUser\Larger_network_AB.IntPrj\Network Model.IntPrjfolder\Network Data.IntPrjfolder\Grid.ElmNet\Composite Model PV31(1).ElmComp\shedding PV31(1).ElmDsl;1.0
\szafar.IntUser\Larger_network_AB.IntPrj\Network Model.IntPrjfolder\Network Data.IntPrjfolder\Grid.ElmNet\Composite Model PV6.ElmComp\shedding PV6.ElmDsl;1.0
\szafar.IntUser\Larger_network_AB.IntPrj\Network Model.IntPrjfolder\Network Data.IntPrjfolder\Grid.ElmNet\Composite Model PV53(3).ElmComp\shedding PV53(3).ElmDsl;1.0
\szafar.IntUser\Larger_network_AB.IntPrj\Network Model.IntPrjfolder\Network Data.IntPrjfolder\Grid.ElmNet\Composite Model PV32(1).ElmComp\shedding PV32(1).ElmDsl;1.0
\szafar.IntUser\Larger_network_AB.IntPrj\Network Model.IntPrjfolder\Network Data.IntPrjfolder\Grid.ElmNet\Composite Model PV24(2).ElmComp\shedding PV24(2).ElmDsl;1.0
\szafar.IntUser\Larger_network_AB.IntPrj\Network Model.IntPrjfolder\Network Data.IntPrjfolder\Grid.ElmNet\Composite Model PV31(7).ElmComp\shedding PV31(7).ElmDsl;1.0
\szafar.IntUser\Larger_network_AB.IntPrj\Network Model.IntPrjfolder\Network Data.IntPrjfolder\Grid.ElmNet\Composite Model PV46(4).ElmComp\shedding PV46(4).ElmDsl;1.0
\szafar.IntUser\Larger_network_AB.IntPrj\Network Model.IntPrjfolder\Network Data.IntPrjfolder\Grid.ElmNet\Composite Model PV11(4).ElmComp\shedding PV11(4).ElmDsl;1.0
\szafar.IntUser\Larger_network_AB.IntPrj\Network Model.IntPrjfolder\Network Data.IntPrjfolder\Grid.ElmNet\Composite Model PV26(1).ElmComp\shedding PV26(1).ElmDsl;1.0
\szafar.IntUser\Larger_network_AB.IntPrj\Network Model.IntPrjfolder\Network Data.IntPrjfolder\Grid.ElmNet\Composite Model PV6(3).ElmComp\shedding PV6(3).ElmDsl;1.0
\szafar.IntUser\Larger_network_AB.IntPrj\Network Model.IntPrjfolder\Network Data.IntPrjfolder\Grid.ElmNet\Composite Model PV40(7).ElmComp\shedding PV40(7).ElmDsl;1.0
\szafar.IntUser\Larger_network_AB.IntPrj\Network Model.IntPrjfolder\Network Data.IntPrjfolder\Grid.ElmNet\Composite Model PV55(4).ElmComp\shedding PV55(4).ElmDsl;1.0
\szafar.IntUser\Larger_network_AB.IntPrj\Network Model.IntPrjfolder\Network Data.IntPrjfolder\Grid.ElmNet\Composite Model PV35(1).ElmComp\shedding PV35(1).ElmDsl;1.0
\szafar.IntUser\Larger_network_AB.IntPrj\Network Model.IntPrjfolder\Network Data.IntPrjfolder\Grid.ElmNet\Composite Model PV4(7).ElmComp\shedding PV4(7).ElmDsl;1.0
\szafar.IntUser\Larger_network_AB.IntPrj\Network Model.IntPrjfolder\Network Data.IntPrjfolder\Grid.ElmNet\Composite Model PV11(2).ElmComp\shedding PV11(2).ElmDsl;1.0
\szafar.IntUser\Larger_network_AB.IntPrj\Network Model.IntPrjfolder\Network Data.IntPrjfolder\Grid.ElmNet\Composite Model PV22(3).ElmComp\shedding PV22(3).ElmDsl;1.0
\szafar.IntUser\Larger_network_AB.IntPrj\Network Model.IntPrjfolder\Network Data.IntPrjfolder\Grid.ElmNet\Composite Model PV8(6).ElmComp\shedding PV8(6).ElmDsl;1.0
\szafar.IntUser\Larger_network_AB.IntPrj\Network Model.IntPrjfolder\Network Data.IntPrjfolder\Grid.ElmNet\Composite Model PV33(8).ElmComp\shedding PV33(8).ElmDsl;1.0
\szafar.IntUser\Larger_network_AB.IntPrj\Network Model.IntPrjfolder\Network Data.IntPrjfolder\Grid.ElmNet\Composite Model PV13(5).ElmComp\shedding PV13(5).ElmDsl;1.0
\szafar.IntUser\Larger_network_AB.IntPrj\Network Model.IntPrjfolder\Network Data.IntPrjfolder\Grid.ElmNet\Composite Model PV28(2).ElmComp\shedding PV28(2).ElmDsl;1.0
\szafar.IntUser\Larger_network_AB.IntPrj\Network Model.IntPrjfolder\Network Data.IntPrjfolder\Grid.ElmNet\Composite Model PV35(7).ElmComp\shedding PV35(7).ElmDsl;1.0
\szafar.IntUser\Larger_network_AB.IntPrj\Network Model.IntPrjfolder\Network Data.IntPrjfolder\Grid.ElmNet\Composite Model PV15(4).ElmComp\shedding PV15(4).ElmDsl;1.0
\szafar.IntUser\Larger_network_AB.IntPrj\Network Model.IntPrjfolder\Network Data.IntPrjfolder\Grid.ElmNet\Composite Model PV37(6).ElmComp\shedding PV37(6).ElmDsl;1.0
\szafar.IntUser\Larger_network_AB.IntPrj\Network Model.IntPrjfolder\Network Data.IntPrjfolder\Grid.ElmNet\Composite Model PV13(3).ElmComp\shedding PV13(3).ElmDsl;1.0
\szafar.IntUser\Larger_network_AB.IntPrj\Network Model.IntPrjfolder\Network Data.IntPrjfolder\Grid.ElmNet\Composite Model PV33(6).ElmComp\shedding PV33(6).ElmDsl;1.0
\szafar.IntUser\Larger_network_AB.IntPrj\Network Model.IntPrjfolder\Network Data.IntPrjfolder\Grid.ElmNet\Composite Model PV2(2).ElmComp\shedding PV2(2).ElmDsl;1.0
\szafar.IntUser\Larger_network_AB.IntPrj\Network Model.IntPrjfolder\Network Data.IntPrjfolder\Grid.ElmNet\Composite Model PV39(1).ElmComp\shedding PV39(1).ElmDsl;1.0
\szafar.IntUser\Larger_network_AB.IntPrj\Network Model.IntPrjfolder\Network Data.IntPrjfolder\Grid.ElmNet\Composite Model PV20(8).ElmComp\shedding PV20(8).ElmDsl;1.0
\szafar.IntUser\Larger_network_AB.IntPrj\Network Model.IntPrjfolder\Network Data.IntPrjfolder\Grid.ElmNet\Composite Model PV15(2).ElmComp\shedding PV15(2).ElmDsl;1.0
\szafar.IntUser\Larger_network_AB.IntPrj\Network Model.IntPrjfolder\Network Data.IntPrjfolder\Grid.ElmNet\Composite Model PV26(3).ElmComp\shedding PV26(3).ElmDsl;1.0
\szafar.IntUser\Larger_network_AB.IntPrj\Network Model.IntPrjfolder\Network Data.IntPrjfolder\Grid.ElmNet\Composite Model PV8.ElmComp\shedding PV8.ElmDsl;1.0
\szafar.IntUser\Larger_network_AB.IntPrj\Network Model.IntPrjfolder\Network Data.IntPrjfolder\Grid.ElmNet\Composite Model PV27(7).ElmComp\shedding PV27(7).ElmDsl;1.0
\szafar.IntUser\Larger_network_AB.IntPrj\Network Model.IntPrjfolder\Network Data.IntPrjfolder\Grid.ElmNet\Composite Model PV28(7).ElmComp\shedding PV28(7).ElmDsl;1.0
\szafar.IntUser\Larger_network_AB.IntPrj\Network Model.IntPrjfolder\Network Data.IntPrjfolder\Grid.ElmNet\Composite Model PV15(5).ElmComp\shedding PV15(5).ElmDsl;1.0
\szafar.IntUser\Larger_network_AB.IntPrj\Network Model.IntPrjfolder\Network Data.IntPrjfolder\Grid.ElmNet\Composite Model PV29(3).ElmComp\shedding PV29(3).ElmDsl;1.0
\szafar.IntUser\Larger_network_AB.IntPrj\Network Model.IntPrjfolder\Network Data.IntPrjfolder\Grid.ElmNet\Composite Model PV1(6).ElmComp\shedding PV1(6).ElmDsl;1.0
\szafar.IntUser\Larger_network_AB.IntPrj\Network Model.IntPrjfolder\Network Data.IntPrjfolder\Grid.ElmNet\Composite Model PV39(5).ElmComp\shedding PV39(5).ElmDsl;1.0
\szafar.IntUser\Larger_network_AB.IntPrj\Network Model.IntPrjfolder\Network Data.IntPrjfolder\Grid.ElmNet\Composite Model PV16(5).ElmComp\shedding PV16(5).ElmDsl;1.0
\szafar.IntUser\Larger_network_AB.IntPrj\Network Model.IntPrjfolder\Network Data.IntPrjfolder\Grid.ElmNet\Composite Model PV26(7).ElmComp\shedding PV26(7).ElmDsl;1.0
\szafar.IntUser\Larger_network_AB.IntPrj\Network Model.IntPrjfolder\Network Data.IntPrjfolder\Grid.ElmNet\Composite Model PV5(7).ElmComp\shedding PV5(7).ElmDsl;1.0
\szafar.IntUser\Larger_network_AB.IntPrj\Network Model.IntPrjfolder\Network Data.IntPrjfolder\Grid.ElmNet\Composite Model PV32(2).ElmComp\shedding PV32(2).ElmDsl;1.0
\szafar.IntUser\Larger_network_AB.IntPrj\Network Model.IntPrjfolder\Network Data.IntPrjfolder\Grid.ElmNet\Composite Model PV33(2).ElmComp\shedding PV33(2).ElmDsl;1.0
\szafar.IntUser\Larger_network_AB.IntPrj\Network Model.IntPrjfolder\Network Data.IntPrjfolder\Grid.ElmNet\Composite Model PV7(1).ElmComp\shedding PV7(1).ElmDsl;1.0
\szafar.IntUser\Larger_network_AB.IntPrj\Network Model.IntPrjfolder\Network Data.IntPrjfolder\Grid.ElmNet\Composite Model PV29(7).ElmComp\shedding PV29(7).ElmDsl;1.0
\szafar.IntUser\Larger_network_AB.IntPrj\Network Model.IntPrjfolder\Network Data.IntPrjfolder\Grid.ElmNet\Composite Model PV30(2).ElmComp\shedding PV30(2).ElmDsl;1.0
\szafar.IntUser\Larger_network_AB.IntPrj\Network Model.IntPrjfolder\Network Data.IntPrjfolder\Grid.ElmNet\Composite Model PV31(2).ElmComp\shedding PV31(2).ElmDsl;1.0
\szafar.IntUser\Larger_network_AB.IntPrj\Network Model.IntPrjfolder\Network Data.IntPrjfolder\Grid.ElmNet\Composite Model PV45(4).ElmComp\shedding PV45(4).ElmDsl;1.0
\szafar.IntUser\Larger_network_AB.IntPrj\Network Model.IntPrjfolder\Network Data.IntPrjfolder\Grid.ElmNet\Composite Model PV12(2).ElmComp\shedding PV12(2).ElmDsl;1.0
\szafar.IntUser\Larger_network_AB.IntPrj\Network Model.IntPrjfolder\Network Data.IntPrjfolder\Grid.ElmNet\Composite Model PV47(3).ElmComp\shedding PV47(3).ElmDsl;1.0
\szafar.IntUser\Larger_network_AB.IntPrj\Network Model.IntPrjfolder\Network Data.IntPrjfolder\Grid.ElmNet\Composite Model PV14(1).ElmComp\shedding PV14(1).ElmDsl;1.0
\szafar.IntUser\Larger_network_AB.IntPrj\Network Model.IntPrjfolder\Network Data.IntPrjfolder\Grid.ElmNet\Composite Model PV32(6).ElmComp\shedding PV32(6).ElmDsl;1.0
\szafar.IntUser\Larger_network_AB.IntPrj\Network Model.IntPrjfolder\Network Data.IntPrjfolder\Grid.ElmNet\Composite Model PV8(1).ElmComp\shedding PV8(1).ElmDsl;1.0
\szafar.IntUser\Larger_network_AB.IntPrj\Network Model.IntPrjfolder\Network Data.IntPrjfolder\Grid.ElmNet\Composite Model PV7(3).ElmComp\shedding PV7(3).ElmDsl;1.0
\szafar.IntUser\Larger_network_AB.IntPrj\Network Model.IntPrjfolder\Network Data.IntPrjfolder\Grid.ElmNet\Composite Model PV34(5).ElmComp\shedding PV34(5).ElmDsl;1.0
\szafar.IntUser\Larger_network_AB.IntPrj\Network Model.IntPrjfolder\Network Data.IntPrjfolder\Grid.ElmNet\Composite Model PV43(4).ElmComp\shedding PV43(4).ElmDsl;1.0
\szafar.IntUser\Larger_network_AB.IntPrj\Network Model.IntPrjfolder\Network Data.IntPrjfolder\Grid.ElmNet\Composite Model PV6(5).ElmComp\shedding PV6(5).ElmDsl;1.0
\szafar.IntUser\Larger_network_AB.IntPrj\Network Model.IntPrjfolder\Network Data.IntPrjfolder\Grid.ElmNet\Composite Model PV21(3).ElmComp\shedding PV21(3).ElmDsl;1.0
\szafar.IntUser\Larger_network_AB.IntPrj\Network Model.IntPrjfolder\Network Data.IntPrjfolder\Grid.ElmNet\Composite Model PV8(8).ElmComp\shedding PV8(8).ElmDsl;1.0
\szafar.IntUser\Larger_network_AB.IntPrj\Network Model.IntPrjfolder\Network Data.IntPrjfolder\Grid.ElmNet\Composite Model PV45(3).ElmComp\shedding PV45(3).ElmDsl;1.0
\szafar.IntUser\Larger_network_AB.IntPrj\Network Model.IntPrjfolder\Network Data.IntPrjfolder\Grid.ElmNet\Composite Model PV30(6).ElmComp\shedding PV30(6).ElmDsl;1.0
\szafar.IntUser\Larger_network_AB.IntPrj\Network Model.IntPrjfolder\Network Data.IntPrjfolder\Grid.ElmNet\Composite Model PV9(6).ElmComp\shedding PV9(6).ElmDsl;1.0
\szafar.IntUser\Larger_network_AB.IntPrj\Network Model.IntPrjfolder\Network Data.IntPrjfolder\Grid.ElmNet\Composite Model PV32(5).ElmComp\shedding PV32(5).ElmDsl;1.0
\szafar.IntUser\Larger_network_AB.IntPrj\Network Model.IntPrjfolder\Network Data.IntPrjfolder\Grid.ElmNet\Composite Model PV12(6).ElmComp\shedding PV12(6).ElmDsl;1.0
\szafar.IntUser\Larger_network_AB.IntPrj\Network Model.IntPrjfolder\Network Data.IntPrjfolder\Grid.ElmNet\Composite Model PV27(3).ElmComp\shedding PV27(3).ElmDsl;1.0
\szafar.IntUser\Larger_network_AB.IntPrj\Network Model.IntPrjfolder\Network Data.IntPrjfolder\Grid.ElmNet\Composite Model PV14(5).ElmComp\shedding PV14(5).ElmDsl;1.0
\szafar.IntUser\Larger_network_AB.IntPrj\Network Model.IntPrjfolder\Network Data.IntPrjfolder\Grid.ElmNet\Composite Model PV27(4).ElmComp\shedding PV27(4).ElmDsl;1.0
\szafar.IntUser\Larger_network_AB.IntPrj\Network Model.IntPrjfolder\Network Data.IntPrjfolder\Grid.ElmNet\Composite Model PV3(2).ElmComp\shedding PV3(2).ElmDsl;1.0
\szafar.IntUser\Larger_network_AB.IntPrj\Network Model.IntPrjfolder\Network Data.IntPrjfolder\Grid.ElmNet\Composite Model PV2(4).ElmComp\shedding PV2(4).ElmDsl;1.0
\szafar.IntUser\Larger_network_AB.IntPrj\Network Model.IntPrjfolder\Network Data.IntPrjfolder\Grid.ElmNet\Composite Model PV14(2).ElmComp\shedding PV14(2).ElmDsl;1.0
\szafar.IntUser\Larger_network_AB.IntPrj\Network Model.IntPrjfolder\Network Data.IntPrjfolder\Grid.ElmNet\Composite Model PV4.ElmComp\shedding PV4.ElmDsl;1.0
\szafar.IntUser\Larger_network_AB.IntPrj\Network Model.IntPrjfolder\Network Data.IntPrjfolder\Grid.ElmNet\Composite Model PV21(7).ElmComp\shedding PV21(7).ElmDsl;1.0
\szafar.IntUser\Larger_network_AB.IntPrj\Network Model.IntPrjfolder\Network Data.IntPrjfolder\Grid.ElmNet\Composite Model PV38(2).ElmComp\shedding PV38(2).ElmDsl;1.0
\szafar.IntUser\Larger_network_AB.IntPrj\Network Model.IntPrjfolder\Network Data.IntPrjfolder\Grid.ElmNet\Composite Model PV16(1).ElmComp\shedding PV16(1).ElmDsl;1.0
\szafar.IntUser\Larger_network_AB.IntPrj\Network Model.IntPrjfolder\Network Data.IntPrjfolder\Grid.ElmNet\Composite Model PV25(4).ElmComp\shedding PV25(4).ElmDsl;1.0
\szafar.IntUser\Larger_network_AB.IntPrj\Network Model.IntPrjfolder\Network Data.IntPrjfolder\Grid.ElmNet\Composite Model PV26(8).ElmComp\shedding PV26(8).ElmDsl;1.0
\szafar.IntUser\Larger_network_AB.IntPrj\Network Model.IntPrjfolder\Network Data.IntPrjfolder\Grid.ElmNet\Composite Model PV2(6).ElmComp\shedding PV2(6).ElmDsl;1.0
\szafar.IntUser\Larger_network_AB.IntPrj\Network Model.IntPrjfolder\Network Data.IntPrjfolder\Grid.ElmNet\Composite Model PV29(6).ElmComp\shedding PV29(6).ElmDsl;1.0
\szafar.IntUser\Larger_network_AB.IntPrj\Network Model.IntPrjfolder\Network Data.IntPrjfolder\Grid.ElmNet\Composite Model PV16(4).ElmComp\shedding PV16(4).ElmDsl;1.0
\szafar.IntUser\Larger_network_AB.IntPrj\Network Model.IntPrjfolder\Network Data.IntPrjfolder\Grid.ElmNet\Composite Model PV35(8).ElmComp\shedding PV35(8).ElmDsl;1.0
\szafar.IntUser\Larger_network_AB.IntPrj\Network Model.IntPrjfolder\Network Data.IntPrjfolder\Grid.ElmNet\Composite Model PV38(6).ElmComp\shedding PV38(6).ElmDsl;1.0
\szafar.IntUser\Larger_network_AB.IntPrj\Network Model.IntPrjfolder\Network Data.IntPrjfolder\Grid.ElmNet\Composite Model PV1(8).ElmComp\shedding PV1(8).ElmDsl;1.0
\szafar.IntUser\Larger_network_AB.IntPrj\Network Model.IntPrjfolder\Network Data.IntPrjfolder\Grid.ElmNet\Composite Model PV17(4).ElmComp\shedding PV17(4).ElmDsl;1.0
\szafar.IntUser\Larger_network_AB.IntPrj\Network Model.IntPrjfolder\Network Data.IntPrjfolder\Grid.ElmNet\Composite Model PV25(8).ElmComp\shedding PV25(8).ElmDsl;1.0
\szafar.IntUser\Larger_network_AB.IntPrj\Network Model.IntPrjfolder\Network Data.IntPrjfolder\Grid.ElmNet\Composite Model PV6(7).ElmComp\shedding PV6(7).ElmDsl;1.0
\szafar.IntUser\Larger_network_AB.IntPrj\Network Model.IntPrjfolder\Network Data.IntPrjfolder\Grid.ElmNet\Composite Model PV39(6).ElmComp\shedding PV39(6).ElmDsl;1.0
\szafar.IntUser\Larger_network_AB.IntPrj\Network Model.IntPrjfolder\Network Data.IntPrjfolder\Grid.ElmNet\Composite Model PV7(5).ElmComp\shedding PV7(5).ElmDsl;1.0
\szafar.IntUser\Larger_network_AB.IntPrj\Network Model.IntPrjfolder\Network Data.IntPrjfolder\Grid.ElmNet\Composite Model PV33(1).ElmComp\shedding PV33(1).ElmDsl;1.0
\szafar.IntUser\Larger_network_AB.IntPrj\Network Model.IntPrjfolder\Network Data.IntPrjfolder\Grid.ElmNet\Composite Model PV20(3).ElmComp\shedding PV20(3).ElmDsl;1.0
\szafar.IntUser\Larger_network_AB.IntPrj\Network Model.IntPrjfolder\Network Data.IntPrjfolder\Grid.ElmNet\Composite Model PV34(1).ElmComp\shedding PV34(1).ElmDsl;1.0
\szafar.IntUser\Larger_network_AB.IntPrj\Network Model.IntPrjfolder\Network Data.IntPrjfolder\Grid.ElmNet\Composite Model PV55(3).ElmComp\shedding PV55(3).ElmDsl;1.0
\szafar.IntUser\Larger_network_AB.IntPrj\Network Model.IntPrjfolder\Network Data.IntPrjfolder\Grid.ElmNet\Composite Model PV16(8).ElmComp\shedding PV16(8).ElmDsl;1.0
\szafar.IntUser\Larger_network_AB.IntPrj\Network Model.IntPrjfolder\Network Data.IntPrjfolder\Grid.ElmNet\Composite Model PV17(8).ElmComp\shedding PV17(8).ElmDsl;1.0
\szafar.IntUser\Larger_network_AB.IntPrj\Network Model.IntPrjfolder\Network Data.IntPrjfolder\Grid.ElmNet\Composite Model PV30(3).ElmComp\shedding PV30(3).ElmDsl;1.0
\szafar.IntUser\Larger_network_AB.IntPrj\Network Model.IntPrjfolder\Network Data.IntPrjfolder\Grid.ElmNet\Composite Model PV11(3).ElmComp\shedding PV11(3).ElmDsl;1.0
\szafar.IntUser\Larger_network_AB.IntPrj\Network Model.IntPrjfolder\Network Data.IntPrjfolder\Grid.ElmNet\Composite Model PV9(1).ElmComp\shedding PV9(1).ElmDsl;1.0
\szafar.IntUser\Larger_network_AB.IntPrj\Network Model.IntPrjfolder\Network Data.IntPrjfolder\Grid.ElmNet\Composite Model PV31(6).ElmComp\shedding PV31(6).ElmDsl;1.0
\szafar.IntUser\Larger_network_AB.IntPrj\Network Model.IntPrjfolder\Network Data.IntPrjfolder\Grid.ElmNet\Composite Model PV46(3).ElmComp\shedding PV46(3).ElmDsl;1.0
\szafar.IntUser\Larger_network_AB.IntPrj\Network Model.IntPrjfolder\Network Data.IntPrjfolder\Grid.ElmNet\Composite Model PV33(5).ElmComp\shedding PV33(5).ElmDsl;1.0
\szafar.IntUser\Larger_network_AB.IntPrj\Network Model.IntPrjfolder\Network Data.IntPrjfolder\Grid.ElmNet\Composite Model PV13(2).ElmComp\shedding PV13(2).ElmDsl;1.0
\szafar.IntUser\Larger_network_AB.IntPrj\Network Model.IntPrjfolder\Network Data.IntPrjfolder\Grid.ElmNet\Composite Model PV20(7).ElmComp\shedding PV20(7).ElmDsl;1.0
\szafar.IntUser\Larger_network_AB.IntPrj\Network Model.IntPrjfolder\Network Data.IntPrjfolder\Grid.ElmNet\Composite Model PV15(1).ElmComp\shedding PV15(1).ElmDsl;1.0
\szafar.IntUser\Larger_network_AB.IntPrj\Network Model.IntPrjfolder\Network Data.IntPrjfolder\Grid.ElmNet\Composite Model PV35(4).ElmComp\shedding PV35(4).ElmDsl;1.0
\szafar.IntUser\Larger_network_AB.IntPrj\Network Model.IntPrjfolder\Network Data.IntPrjfolder\Grid.ElmNet\Composite Model PV22(2).ElmComp\shedding PV22(2).ElmDsl;1.0
\szafar.IntUser\Larger_network_AB.IntPrj\Network Model.IntPrjfolder\Network Data.IntPrjfolder\Grid.ElmNet\Composite Model PV8(3).ElmComp\shedding PV8(3).ElmDsl;1.0
\szafar.IntUser\Larger_network_AB.IntPrj\Network Model.IntPrjfolder\Network Data.IntPrjfolder\Grid.ElmNet\Composite Model PV9(8).ElmComp\shedding PV9(8).ElmDsl;1.0
\szafar.IntUser\Larger_network_AB.IntPrj\Network Model.IntPrjfolder\Network Data.IntPrjfolder\Grid.ElmNet\Composite Model PV24(1).ElmComp\shedding PV24(1).ElmDsl;1.0
\szafar.IntUser\Larger_network_AB.IntPrj\Network Model.IntPrjfolder\Network Data.IntPrjfolder\Grid.ElmNet\Composite Model PV44(4).ElmComp\shedding PV44(4).ElmDsl;1.0
\szafar.IntUser\Larger_network_AB.IntPrj\Network Model.IntPrjfolder\Network Data.IntPrjfolder\Grid.ElmNet\Composite Model PV7.ElmComp\shedding PV7.ElmDsl;1.0
\szafar.IntUser\Larger_network_AB.IntPrj\Network Model.IntPrjfolder\Network Data.IntPrjfolder\Grid.ElmNet\Composite Model PV4(2).ElmComp\shedding PV4(2).ElmDsl;1.0
\szafar.IntUser\Larger_network_AB.IntPrj\Network Model.IntPrjfolder\Network Data.IntPrjfolder\Grid.ElmNet\Composite Model PV11(7).ElmComp\shedding PV11(7).ElmDsl;1.0
\szafar.IntUser\Larger_network_AB.IntPrj\Network Model.IntPrjfolder\Network Data.IntPrjfolder\Grid.ElmNet\Composite Model PV26(4).ElmComp\shedding PV26(4).ElmDsl;1.0
\szafar.IntUser\Larger_network_AB.IntPrj\Network Model.IntPrjfolder\Network Data.IntPrjfolder\Grid.ElmNet\Composite Model PV13(6).ElmComp\shedding PV13(6).ElmDsl;1.0
\szafar.IntUser\Larger_network_AB.IntPrj\Network Model.IntPrjfolder\Network Data.IntPrjfolder\Grid.ElmNet\Composite Model PV28(3).ElmComp\shedding PV28(3).ElmDsl;1.0
\szafar.IntUser\Larger_network_AB.IntPrj\Network Model.IntPrjfolder\Network Data.IntPrjfolder\Grid.ElmNet\Composite Model PV3(4).ElmComp\shedding PV3(4).ElmDsl;1.0
\szafar.IntUser\Larger_network_AB.IntPrj\Network Model.IntPrjfolder\Network Data.IntPrjfolder\Grid.ElmNet\Composite Model PV22(6).ElmComp\shedding PV22(6).ElmDsl;1.0
\szafar.IntUser\Larger_network_AB.IntPrj\Network Model.IntPrjfolder\Network Data.IntPrjfolder\Grid.ElmNet\Composite Model PV37(3).ElmComp\shedding PV37(3).ElmDsl;1.0
\szafar.IntUser\Larger_network_AB.IntPrj\Network Model.IntPrjfolder\Network Data.IntPrjfolder\Grid.ElmNet\Composite Model PV24(5).ElmComp\shedding PV24(5).ElmDsl;1.0
\szafar.IntUser\Larger_network_AB.IntPrj\Network Model.IntPrjfolder\Network Data.IntPrjfolder\Grid.ElmNet\Composite Model PV39(2).ElmComp\shedding PV39(2).ElmDsl;1.0
