\szafar.IntUser\Larger_network_AB.IntPrj\Network Model.IntPrjfolder\Network Data.IntPrjfolder\Grid.ElmNet\Composite Model EV7.ElmComp\P-input EV7.ElmDsl;0.0
\szafar.IntUser\Larger_network_AB.IntPrj\Network Model.IntPrjfolder\Network Data.IntPrjfolder\Grid.ElmNet\Composite Model EV12(3).ElmComp\P-input EV12(3).ElmDsl;0.0
\szafar.IntUser\Larger_network_AB.IntPrj\Network Model.IntPrjfolder\Network Data.IntPrjfolder\Grid.ElmNet\Composite Model EV55(8).ElmComp\P-input EV55(8).ElmDsl;0.0
\szafar.IntUser\Larger_network_AB.IntPrj\Network Model.IntPrjfolder\Network Data.IntPrjfolder\Grid.ElmNet\Composite Model EV44.ElmComp\P-input EV44.ElmDsl;0.002027072538078721
\szafar.IntUser\Larger_network_AB.IntPrj\Network Model.IntPrjfolder\Network Data.IntPrjfolder\Grid.ElmNet\Composite Model EV22(1).ElmComp\P-input EV22(1).ElmDsl;7.673482080602419E-4
\szafar.IntUser\Larger_network_AB.IntPrj\Network Model.IntPrjfolder\Network Data.IntPrjfolder\Grid.ElmNet\Composite Model EV6(1).ElmComp\P-input EV6(1).ElmDsl;0.0
\szafar.IntUser\Larger_network_AB.IntPrj\Network Model.IntPrjfolder\Network Data.IntPrjfolder\Grid.ElmNet\Composite Model EV51(7).ElmComp\P-input EV51(7).ElmDsl;0.0
\szafar.IntUser\Larger_network_AB.IntPrj\Network Model.IntPrjfolder\Network Data.IntPrjfolder\Grid.ElmNet\Composite Model EV26(2).ElmComp\P-input EV26(2).ElmDsl;6.924741319202341E-4
\szafar.IntUser\Larger_network_AB.IntPrj\Network Model.IntPrjfolder\Network Data.IntPrjfolder\Grid.ElmNet\Composite Model EV21(4).ElmComp\P-input EV21(4).ElmDsl;0.0
\szafar.IntUser\Larger_network_AB.IntPrj\Network Model.IntPrjfolder\Network Data.IntPrjfolder\Grid.ElmNet\Composite Model EV6(6).ElmComp\P-input EV6(6).ElmDsl;0.0
\szafar.IntUser\Larger_network_AB.IntPrj\Network Model.IntPrjfolder\Network Data.IntPrjfolder\Grid.ElmNet\Composite Model EV5(8).ElmComp\P-input EV5(8).ElmDsl;0.0
\szafar.IntUser\Larger_network_AB.IntPrj\Network Model.IntPrjfolder\Network Data.IntPrjfolder\Grid.ElmNet\Composite Model EV21.ElmComp\P-input EV21.ElmDsl;3.0218463254776156E-4
\szafar.IntUser\Larger_network_AB.IntPrj\Network Model.IntPrjfolder\Network Data.IntPrjfolder\Grid.ElmNet\Composite Model EV17(1).ElmComp\P-input EV17(1).ElmDsl;0.0017371568818853713
\szafar.IntUser\Larger_network_AB.IntPrj\Network Model.IntPrjfolder\Network Data.IntPrjfolder\Grid.ElmNet\Composite Model EV31(2).ElmComp\P-input EV31(2).ElmDsl;7.294564482369989E-4
\szafar.IntUser\Larger_network_AB.IntPrj\Network Model.IntPrjfolder\Network Data.IntPrjfolder\Grid.ElmNet\Composite Model EV27(8).ElmComp\P-input EV27(8).ElmDsl;0.001500056895830428
\szafar.IntUser\Larger_network_AB.IntPrj\Network Model.IntPrjfolder\Network Data.IntPrjfolder\Grid.ElmNet\Composite Model EV46(7).ElmComp\P-input EV46(7).ElmDsl;0.0
\szafar.IntUser\Larger_network_AB.IntPrj\Network Model.IntPrjfolder\Network Data.IntPrjfolder\Grid.ElmNet\Composite Model EV47(4).ElmComp\P-input EV47(4).ElmDsl;0.0
\szafar.IntUser\Larger_network_AB.IntPrj\Network Model.IntPrjfolder\Network Data.IntPrjfolder\Grid.ElmNet\Composite Model EV20.ElmComp\P-input EV20.ElmDsl;0.0017025173615953142
\szafar.IntUser\Larger_network_AB.IntPrj\Network Model.IntPrjfolder\Network Data.IntPrjfolder\Grid.ElmNet\Composite Model EV8(2).ElmComp\P-input EV8(2).ElmDsl;0.0
\szafar.IntUser\Larger_network_AB.IntPrj\Network Model.IntPrjfolder\Network Data.IntPrjfolder\Grid.ElmNet\Composite Model EV19(8).ElmComp\P-input EV19(8).ElmDsl;0.0014161464230930132
\szafar.IntUser\Larger_network_AB.IntPrj\Network Model.IntPrjfolder\Network Data.IntPrjfolder\Grid.ElmNet\Composite Model EV33(5).ElmComp\P-input EV33(5).ElmDsl;3.014315994979778E-4
\szafar.IntUser\Larger_network_AB.IntPrj\Network Model.IntPrjfolder\Network Data.IntPrjfolder\Grid.ElmNet\Composite Model EV52(4).ElmComp\P-input EV52(4).ElmDsl;0.0
\szafar.IntUser\Larger_network_AB.IntPrj\Network Model.IntPrjfolder\Network Data.IntPrjfolder\Grid.ElmNet\Composite Model EV18(7).ElmComp\P-input EV18(7).ElmDsl;0.0011267633523915764
\szafar.IntUser\Larger_network_AB.IntPrj\Network Model.IntPrjfolder\Network Data.IntPrjfolder\Grid.ElmNet\Composite Model EV37(6).ElmComp\P-input EV37(6).ElmDsl;0.0016065583600613578
\szafar.IntUser\Larger_network_AB.IntPrj\Network Model.IntPrjfolder\Network Data.IntPrjfolder\Grid.ElmNet\Composite Model EV32(8).ElmComp\P-input EV32(8).ElmDsl;0.001718331055640775
\szafar.IntUser\Larger_network_AB.IntPrj\Network Model.IntPrjfolder\Network Data.IntPrjfolder\Grid.ElmNet\Composite Model EV28(5).ElmComp\P-input EV28(5).ElmDsl;4.3273031717919755E-4
\szafar.IntUser\Larger_network_AB.IntPrj\Network Model.IntPrjfolder\Network Data.IntPrjfolder\Grid.ElmNet\Composite Model EV38(3).ElmComp\P-input EV38(3).ElmDsl;0.0
\szafar.IntUser\Larger_network_AB.IntPrj\Network Model.IntPrjfolder\Network Data.IntPrjfolder\Grid.ElmNet\Composite Model EV4(5).ElmComp\P-input EV4(5).ElmDsl;0.0060090071258907364
\szafar.IntUser\Larger_network_AB.IntPrj\Network Model.IntPrjfolder\Network Data.IntPrjfolder\Grid.ElmNet\Composite Model EV45.ElmComp\P-input EV45.ElmDsl;8.481471498816244E-4
\szafar.IntUser\Larger_network_AB.IntPrj\Network Model.IntPrjfolder\Network Data.IntPrjfolder\Grid.ElmNet\Composite Model EV42(6).ElmComp\P-input EV42(6).ElmDsl;0.0
\szafar.IntUser\Larger_network_AB.IntPrj\Network Model.IntPrjfolder\Network Data.IntPrjfolder\Grid.ElmNet\Composite Model EV23(7).ElmComp\P-input EV23(7).ElmDsl;3.2176349184214126E-4
\szafar.IntUser\Larger_network_AB.IntPrj\Network Model.IntPrjfolder\Network Data.IntPrjfolder\Grid.ElmNet\Composite Model EV20(3).ElmComp\P-input EV20(3).ElmDsl;0.0
\szafar.IntUser\Larger_network_AB.IntPrj\Network Model.IntPrjfolder\Network Data.IntPrjfolder\Grid.ElmNet\Composite Model EV53(5).ElmComp\P-input EV53(5).ElmDsl;0.0
\szafar.IntUser\Larger_network_AB.IntPrj\Network Model.IntPrjfolder\Network Data.IntPrjfolder\Grid.ElmNet\Composite Model EV29(2).ElmComp\P-input EV29(2).ElmDsl;3.511317807837115E-4
\szafar.IntUser\Larger_network_AB.IntPrj\Network Model.IntPrjfolder\Network Data.IntPrjfolder\Grid.ElmNet\Composite Model EV38(7).ElmComp\P-input EV38(7).ElmDsl;3.0519676474689665E-4
\szafar.IntUser\Larger_network_AB.IntPrj\Network Model.IntPrjfolder\Network Data.IntPrjfolder\Grid.ElmNet\Composite Model EV25(1).ElmComp\P-input EV25(1).ElmDsl;0.0015749309719704362
\szafar.IntUser\Larger_network_AB.IntPrj\Network Model.IntPrjfolder\Network Data.IntPrjfolder\Grid.ElmNet\Composite Model EV34(6).ElmComp\P-input EV34(6).ElmDsl;2.999255333984103E-4
\szafar.IntUser\Larger_network_AB.IntPrj\Network Model.IntPrjfolder\Network Data.IntPrjfolder\Grid.ElmNet\Composite Model EV19.ElmComp\P-input EV19.ElmDsl;0.0014161464230930132
\szafar.IntUser\Larger_network_AB.IntPrj\Network Model.IntPrjfolder\Network Data.IntPrjfolder\Grid.ElmNet\Composite Model EV46.ElmComp\P-input EV46.ElmDsl;8.874042671872817E-4
\szafar.IntUser\Larger_network_AB.IntPrj\Network Model.IntPrjfolder\Network Data.IntPrjfolder\Grid.ElmNet\Composite Model EV48(1).ElmComp\P-input EV48(1).ElmDsl;0.0
\szafar.IntUser\Larger_network_AB.IntPrj\Network Model.IntPrjfolder\Network Data.IntPrjfolder\Grid.ElmNet\Composite Model EV24(4).ElmComp\P-input EV24(4).ElmDsl;0.0
\szafar.IntUser\Larger_network_AB.IntPrj\Network Model.IntPrjfolder\Network Data.IntPrjfolder\Grid.ElmNet\Composite Model EV43(3).ElmComp\P-input EV43(3).ElmDsl;0.0
\szafar.IntUser\Larger_network_AB.IntPrj\Network Model.IntPrjfolder\Network Data.IntPrjfolder\Grid.ElmNet\Composite Model EV14(1).ElmComp\P-input EV14(1).ElmDsl;5.204587923581084E-4
\szafar.IntUser\Larger_network_AB.IntPrj\Network Model.IntPrjfolder\Network Data.IntPrjfolder\Grid.ElmNet\Composite Model EV2(4).ElmComp\P-input EV2(4).ElmDsl;0.0
\szafar.IntUser\Larger_network_AB.IntPrj\Network Model.IntPrjfolder\Network Data.IntPrjfolder\Grid.ElmNet\Composite Model EV49(7).ElmComp\P-input EV49(7).ElmDsl;0.0
\szafar.IntUser\Larger_network_AB.IntPrj\Network Model.IntPrjfolder\Network Data.IntPrjfolder\Grid.ElmNet\Composite Model EV50(1).ElmComp\P-input EV50(1).ElmDsl;0.0
\szafar.IntUser\Larger_network_AB.IntPrj\Network Model.IntPrjfolder\Network Data.IntPrjfolder\Grid.ElmNet\Composite Model EV1(6).ElmComp\P-input EV1(6).ElmDsl;0.0
\szafar.IntUser\Larger_network_AB.IntPrj\Network Model.IntPrjfolder\Network Data.IntPrjfolder\Grid.ElmNet\Composite Model EV43.ElmComp\P-input EV43.ElmDsl;3.6543940872960486E-4
\szafar.IntUser\Larger_network_AB.IntPrj\Network Model.IntPrjfolder\Network Data.IntPrjfolder\Grid.ElmNet\Composite Model EV15(7).ElmComp\P-input EV15(7).ElmDsl;2.999255333984103E-4
\szafar.IntUser\Larger_network_AB.IntPrj\Network Model.IntPrjfolder\Network Data.IntPrjfolder\Grid.ElmNet\Composite Model EV35(3).ElmComp\P-input EV35(3).ElmDsl;0.0
\szafar.IntUser\Larger_network_AB.IntPrj\Network Model.IntPrjfolder\Network Data.IntPrjfolder\Grid.ElmNet\Composite Model EV30(5).ElmComp\P-input EV30(5).ElmDsl;0.0016020401617626548
\szafar.IntUser\Larger_network_AB.IntPrj\Network Model.IntPrjfolder\Network Data.IntPrjfolder\Grid.ElmNet\Composite Model EV11(6).ElmComp\P-input EV11(6).ElmDsl;0.0
\szafar.IntUser\Larger_network_AB.IntPrj\Network Model.IntPrjfolder\Network Data.IntPrjfolder\Grid.ElmNet\Composite Model EV39(4).ElmComp\P-input EV39(4).ElmDsl;0.0
\szafar.IntUser\Larger_network_AB.IntPrj\Network Model.IntPrjfolder\Network Data.IntPrjfolder\Grid.ElmNet\Composite Model EV16(4).ElmComp\P-input EV16(4).ElmDsl;0.0
\szafar.IntUser\Larger_network_AB.IntPrj\Network Model.IntPrjfolder\Network Data.IntPrjfolder\Grid.ElmNet\Composite Model EV54(2).ElmComp\P-input EV54(2).ElmDsl;0.0
\szafar.IntUser\Larger_network_AB.IntPrj\Network Model.IntPrjfolder\Network Data.IntPrjfolder\Grid.ElmNet\Composite Model EV3(7).ElmComp\P-input EV3(7).ElmDsl;0.005852337185588034
\szafar.IntUser\Larger_network_AB.IntPrj\Network Model.IntPrjfolder\Network Data.IntPrjfolder\Grid.ElmNet\Composite Model EV23.ElmComp\P-input EV23.ElmDsl;3.2176349184214126E-4
\szafar.IntUser\Larger_network_AB.IntPrj\Network Model.IntPrjfolder\Network Data.IntPrjfolder\Grid.ElmNet\Composite Model EV6.ElmComp\P-input EV6.ElmDsl;0.0
\szafar.IntUser\Larger_network_AB.IntPrj\Network Model.IntPrjfolder\Network Data.IntPrjfolder\Grid.ElmNet\Composite Model EV26(7).ElmComp\P-input EV26(7).ElmDsl;6.924741319202341E-4
\szafar.IntUser\Larger_network_AB.IntPrj\Network Model.IntPrjfolder\Network Data.IntPrjfolder\Grid.ElmNet\Composite Model EV45(6).ElmComp\P-input EV45(6).ElmDsl;0.0
\szafar.IntUser\Larger_network_AB.IntPrj\Network Model.IntPrjfolder\Network Data.IntPrjfolder\Grid.ElmNet\Composite Model EV40(8).ElmComp\P-input EV40(8).ElmDsl;3.8835420443452756E-4
\szafar.IntUser\Larger_network_AB.IntPrj\Network Model.IntPrjfolder\Network Data.IntPrjfolder\Grid.ElmNet\Composite Model EV21(8).ElmComp\P-input EV21(8).ElmDsl;3.0218463254776156E-4
\szafar.IntUser\Larger_network_AB.IntPrj\Network Model.IntPrjfolder\Network Data.IntPrjfolder\Grid.ElmNet\Composite Model EV31(6).ElmComp\P-input EV31(6).ElmDsl;7.294564482369989E-4
\szafar.IntUser\Larger_network_AB.IntPrj\Network Model.IntPrjfolder\Network Data.IntPrjfolder\Grid.ElmNet\Composite Model EV32(4).ElmComp\P-input EV32(4).ElmDsl;0.0
\szafar.IntUser\Larger_network_AB.IntPrj\Network Model.IntPrjfolder\Network Data.IntPrjfolder\Grid.ElmNet\Composite Model EV17(6).ElmComp\P-input EV17(6).ElmDsl;0.0017371568818853713
\szafar.IntUser\Larger_network_AB.IntPrj\Network Model.IntPrjfolder\Network Data.IntPrjfolder\Grid.ElmNet\Composite Model EV36(5).ElmComp\P-input EV36(5).ElmDsl;0.0012742524055222417
\szafar.IntUser\Larger_network_AB.IntPrj\Network Model.IntPrjfolder\Network Data.IntPrjfolder\Grid.ElmNet\Composite Model EV17.ElmComp\P-input EV17.ElmDsl;0.0017371568818853713
\szafar.IntUser\Larger_network_AB.IntPrj\Network Model.IntPrjfolder\Network Data.IntPrjfolder\Grid.ElmNet\Composite Model EV16(8).ElmComp\P-input EV16(8).ElmDsl;0.0021847569500894164
\szafar.IntUser\Larger_network_AB.IntPrj\Network Model.IntPrjfolder\Network Data.IntPrjfolder\Grid.ElmNet\Composite Model EV35(7).ElmComp\P-input EV35(7).ElmDsl;7.959634639520285E-4
\szafar.IntUser\Larger_network_AB.IntPrj\Network Model.IntPrjfolder\Network Data.IntPrjfolder\Grid.ElmNet\Composite Model EV40(7).ElmComp\P-input EV40(7).ElmDsl;3.8835420443452756E-4
\szafar.IntUser\Larger_network_AB.IntPrj\Network Model.IntPrjfolder\Network Data.IntPrjfolder\Grid.ElmNet\Composite Model EV12(7).ElmComp\P-input EV12(7).ElmDsl;0.0
\szafar.IntUser\Larger_network_AB.IntPrj\Network Model.IntPrjfolder\Network Data.IntPrjfolder\Grid.ElmNet\Composite Model EV50(5).ElmComp\P-input EV50(5).ElmDsl;0.0
\szafar.IntUser\Larger_network_AB.IntPrj\Network Model.IntPrjfolder\Network Data.IntPrjfolder\Grid.ElmNet\Composite Model EV13(5).ElmComp\P-input EV13(5).ElmDsl;0.0
\szafar.IntUser\Larger_network_AB.IntPrj\Network Model.IntPrjfolder\Network Data.IntPrjfolder\Grid.ElmNet\Composite Model EV51(3).ElmComp\P-input EV51(3).ElmDsl;0.0
\szafar.IntUser\Larger_network_AB.IntPrj\Network Model.IntPrjfolder\Network Data.IntPrjfolder\Grid.ElmNet\Composite Model EV2(1).ElmComp\P-input EV2(1).ElmDsl;0.0
\szafar.IntUser\Larger_network_AB.IntPrj\Network Model.IntPrjfolder\Network Data.IntPrjfolder\Grid.ElmNet\Composite Model EV22(6).ElmComp\P-input EV22(6).ElmDsl;7.673482080602419E-4
\szafar.IntUser\Larger_network_AB.IntPrj\Network Model.IntPrjfolder\Network Data.IntPrjfolder\Grid.ElmNet\Composite Model EV41(5).ElmComp\P-input EV41(5).ElmDsl;0.0
\szafar.IntUser\Larger_network_AB.IntPrj\Network Model.IntPrjfolder\Network Data.IntPrjfolder\Grid.ElmNet\Composite Model EV2(6).ElmComp\P-input EV2(6).ElmDsl;0.0
\szafar.IntUser\Larger_network_AB.IntPrj\Network Model.IntPrjfolder\Network Data.IntPrjfolder\Grid.ElmNet\Composite Model EV37(1).ElmComp\P-input EV37(1).ElmDsl;0.0016065583600613578
\szafar.IntUser\Larger_network_AB.IntPrj\Network Model.IntPrjfolder\Network Data.IntPrjfolder\Grid.ElmNet\Composite Model EV27(3).ElmComp\P-input EV27(3).ElmDsl;0.0
\szafar.IntUser\Larger_network_AB.IntPrj\Network Model.IntPrjfolder\Network Data.IntPrjfolder\Grid.ElmNet\Composite Model EV28(1).ElmComp\P-input EV28(1).ElmDsl;4.3273031717919755E-4
\szafar.IntUser\Larger_network_AB.IntPrj\Network Model.IntPrjfolder\Network Data.IntPrjfolder\Grid.ElmNet\Composite Model EV8(5).ElmComp\P-input EV8(5).ElmDsl;0.0
\szafar.IntUser\Larger_network_AB.IntPrj\Network Model.IntPrjfolder\Network Data.IntPrjfolder\Grid.ElmNet\Composite Model EV23(2).ElmComp\P-input EV23(2).ElmDsl;3.2176349184214126E-4
\szafar.IntUser\Larger_network_AB.IntPrj\Network Model.IntPrjfolder\Network Data.IntPrjfolder\Grid.ElmNet\Composite Model EV42(1).ElmComp\P-input EV42(1).ElmDsl;0.0
\szafar.IntUser\Larger_network_AB.IntPrj\Network Model.IntPrjfolder\Network Data.IntPrjfolder\Grid.ElmNet\Composite Model EV52(8).ElmComp\P-input EV52(8).ElmDsl;0.0
\szafar.IntUser\Larger_network_AB.IntPrj\Network Model.IntPrjfolder\Network Data.IntPrjfolder\Grid.ElmNet\Composite Model EV53(6).ElmComp\P-input EV53(6).ElmDsl;0.0
\szafar.IntUser\Larger_network_AB.IntPrj\Network Model.IntPrjfolder\Network Data.IntPrjfolder\Grid.ElmNet\Composite Model EV18(2).ElmComp\P-input EV18(2).ElmDsl;0.0011267633523915764
\szafar.IntUser\Larger_network_AB.IntPrj\Network Model.IntPrjfolder\Network Data.IntPrjfolder\Grid.ElmNet\Composite Model EV38(8).ElmComp\P-input EV38(8).ElmDsl;3.0519676474689665E-4
\szafar.IntUser\Larger_network_AB.IntPrj\Network Model.IntPrjfolder\Network Data.IntPrjfolder\Grid.ElmNet\Composite Model EV46(2).ElmComp\P-input EV46(2).ElmDsl;0.0
\szafar.IntUser\Larger_network_AB.IntPrj\Network Model.IntPrjfolder\Network Data.IntPrjfolder\Grid.ElmNet\Composite Model EV43(8).ElmComp\P-input EV43(8).ElmDsl;0.0
\szafar.IntUser\Larger_network_AB.IntPrj\Network Model.IntPrjfolder\Network Data.IntPrjfolder\Grid.ElmNet\Composite Model EV33(4).ElmComp\P-input EV33(4).ElmDsl;0.0
\szafar.IntUser\Larger_network_AB.IntPrj\Network Model.IntPrjfolder\Network Data.IntPrjfolder\Grid.ElmNet\Composite Model EV19(4).ElmComp\P-input EV19(4).ElmDsl;0.0
\szafar.IntUser\Larger_network_AB.IntPrj\Network Model.IntPrjfolder\Network Data.IntPrjfolder\Grid.ElmNet\Composite Model EV30(1).ElmComp\P-input EV30(1).ElmDsl;0.0016020401617626548
\szafar.IntUser\Larger_network_AB.IntPrj\Network Model.IntPrjfolder\Network Data.IntPrjfolder\Grid.ElmNet\Composite Model EV49(3).ElmComp\P-input EV49(3).ElmDsl;0.0
\szafar.IntUser\Larger_network_AB.IntPrj\Network Model.IntPrjfolder\Network Data.IntPrjfolder\Grid.ElmNet\Composite Model EV18(6).ElmComp\P-input EV18(6).ElmDsl;0.0011267633523915764
\szafar.IntUser\Larger_network_AB.IntPrj\Network Model.IntPrjfolder\Network Data.IntPrjfolder\Grid.ElmNet\Composite Model EV37(5).ElmComp\P-input EV37(5).ElmDsl;0.0016065583600613578
\szafar.IntUser\Larger_network_AB.IntPrj\Network Model.IntPrjfolder\Network Data.IntPrjfolder\Grid.ElmNet\Composite Model EV14(5).ElmComp\P-input EV14(5).ElmDsl;5.204587923581084E-4
\szafar.IntUser\Larger_network_AB.IntPrj\Network Model.IntPrjfolder\Network Data.IntPrjfolder\Grid.ElmNet\Composite Model EV52(3).ElmComp\P-input EV52(3).ElmDsl;0.0
\szafar.IntUser\Larger_network_AB.IntPrj\Network Model.IntPrjfolder\Network Data.IntPrjfolder\Grid.ElmNet\Composite Model EV7(1).ElmComp\P-input EV7(1).ElmDsl;0.0
\szafar.IntUser\Larger_network_AB.IntPrj\Network Model.IntPrjfolder\Network Data.IntPrjfolder\Grid.ElmNet\Composite Model EV41(1).ElmComp\P-input EV41(1).ElmDsl;0.0
\szafar.IntUser\Larger_network_AB.IntPrj\Network Model.IntPrjfolder\Network Data.IntPrjfolder\Grid.ElmNet\Composite Model EV6(3).ElmComp\P-input EV6(3).ElmDsl;0.0
\szafar.IntUser\Larger_network_AB.IntPrj\Network Model.IntPrjfolder\Network Data.IntPrjfolder\Grid.ElmNet\Composite Model EV3(2).ElmComp\P-input EV3(2).ElmDsl;0.005852337185588034
\szafar.IntUser\Larger_network_AB.IntPrj\Network Model.IntPrjfolder\Network Data.IntPrjfolder\Grid.ElmNet\Composite Model EV15(3).ElmComp\P-input EV15(3).ElmDsl;0.0
\szafar.IntUser\Larger_network_AB.IntPrj\Network Model.IntPrjfolder\Network Data.IntPrjfolder\Grid.ElmNet\Composite Model EV34(2).ElmComp\P-input EV34(2).ElmDsl;2.999255333984103E-4
\szafar.IntUser\Larger_network_AB.IntPrj\Network Model.IntPrjfolder\Network Data.IntPrjfolder\Grid.ElmNet\Composite Model EV53(1).ElmComp\P-input EV53(1).ElmDsl;0.0
\szafar.IntUser\Larger_network_AB.IntPrj\Network Model.IntPrjfolder\Network Data.IntPrjfolder\Grid.ElmNet\Composite Model EV20(8).ElmComp\P-input EV20(8).ElmDsl;0.0017025173615953142
\szafar.IntUser\Larger_network_AB.IntPrj\Network Model.IntPrjfolder\Network Data.IntPrjfolder\Grid.ElmNet\Composite Model EV29(6).ElmComp\P-input EV29(6).ElmDsl;3.511317807837115E-4
\szafar.IntUser\Larger_network_AB.IntPrj\Network Model.IntPrjfolder\Network Data.IntPrjfolder\Grid.ElmNet\Composite Model EV48(5).ElmComp\P-input EV48(5).ElmDsl;0.0
\szafar.IntUser\Larger_network_AB.IntPrj\Network Model.IntPrjfolder\Network Data.IntPrjfolder\Grid.ElmNet\Composite Model EV49.ElmComp\P-input EV49.ElmDsl;2.999255333984103E-4
\szafar.IntUser\Larger_network_AB.IntPrj\Network Model.IntPrjfolder\Network Data.IntPrjfolder\Grid.ElmNet\Composite Model EV25(5).ElmComp\P-input EV25(5).ElmDsl;0.0015749309719704362
\szafar.IntUser\Larger_network_AB.IntPrj\Network Model.IntPrjfolder\Network Data.IntPrjfolder\Grid.ElmNet\Composite Model EV22(2).ElmComp\P-input EV22(2).ElmDsl;7.673482080602419E-4
\szafar.IntUser\Larger_network_AB.IntPrj\Network Model.IntPrjfolder\Network Data.IntPrjfolder\Grid.ElmNet\Composite Model EV1(8).ElmComp\P-input EV1(8).ElmDsl;0.0
\szafar.IntUser\Larger_network_AB.IntPrj\Network Model.IntPrjfolder\Network Data.IntPrjfolder\Grid.ElmNet\Composite Model EV40(3).ElmComp\P-input EV40(3).ElmDsl;0.0
\szafar.IntUser\Larger_network_AB.IntPrj\Network Model.IntPrjfolder\Network Data.IntPrjfolder\Grid.ElmNet\Composite Model EV26(3).ElmComp\P-input EV26(3).ElmDsl;0.0
\szafar.IntUser\Larger_network_AB.IntPrj\Network Model.IntPrjfolder\Network Data.IntPrjfolder\Grid.ElmNet\Composite Model EV24.ElmComp\P-input EV24.ElmDsl;0.001601287128712871
\szafar.IntUser\Larger_network_AB.IntPrj\Network Model.IntPrjfolder\Network Data.IntPrjfolder\Grid.ElmNet\Composite Model EV42.ElmComp\P-input EV42.ElmDsl;0.0016299023846046573
\szafar.IntUser\Larger_network_AB.IntPrj\Network Model.IntPrjfolder\Network Data.IntPrjfolder\Grid.ElmNet\Composite Model EV7(4).ElmComp\P-input EV7(4).ElmDsl;0.0
\szafar.IntUser\Larger_network_AB.IntPrj\Network Model.IntPrjfolder\Network Data.IntPrjfolder\Grid.ElmNet\Composite Model EV55(4).ElmComp\P-input EV55(4).ElmDsl;0.0
\szafar.IntUser\Larger_network_AB.IntPrj\Network Model.IntPrjfolder\Network Data.IntPrjfolder\Grid.ElmNet\Composite Model EV7(7).ElmComp\P-input EV7(7).ElmDsl;0.0
\szafar.IntUser\Larger_network_AB.IntPrj\Network Model.IntPrjfolder\Network Data.IntPrjfolder\Grid.ElmNet\Composite Model EV4(3).ElmComp\P-input EV4(3).ElmDsl;0.0060090071258907364
\szafar.IntUser\Larger_network_AB.IntPrj\Network Model.IntPrjfolder\Network Data.IntPrjfolder\Grid.ElmNet\Composite Model EV54(6).ElmComp\P-input EV54(6).ElmDsl;0.0
\szafar.IntUser\Larger_network_AB.IntPrj\Network Model.IntPrjfolder\Network Data.IntPrjfolder\Grid.ElmNet\Composite Model EV11(2).ElmComp\P-input EV11(2).ElmDsl;0.0
\szafar.IntUser\Larger_network_AB.IntPrj\Network Model.IntPrjfolder\Network Data.IntPrjfolder\Grid.ElmNet\Composite Model EV44(4).ElmComp\P-input EV44(4).ElmDsl;0.0
\szafar.IntUser\Larger_network_AB.IntPrj\Network Model.IntPrjfolder\Network Data.IntPrjfolder\Grid.ElmNet\Composite Model EV39(8).ElmComp\P-input EV39(8).ElmDsl;5.776893041416815E-4
\szafar.IntUser\Larger_network_AB.IntPrj\Network Model.IntPrjfolder\Network Data.IntPrjfolder\Grid.ElmNet\Composite Model EV45(2).ElmComp\P-input EV45(2).ElmDsl;0.0
\szafar.IntUser\Larger_network_AB.IntPrj\Network Model.IntPrjfolder\Network Data.IntPrjfolder\Grid.ElmNet\Composite Model EV10(4).ElmComp\P-input EV10(4).ElmDsl;0.0
\szafar.IntUser\Larger_network_AB.IntPrj\Network Model.IntPrjfolder\Network Data.IntPrjfolder\Grid.ElmNet\Composite Model EV38.ElmComp\P-input EV38.ElmDsl;3.0519676474689665E-4
\szafar.IntUser\Larger_network_AB.IntPrj\Network Model.IntPrjfolder\Network Data.IntPrjfolder\Grid.ElmNet\Composite Model EV21(3).ElmComp\P-input EV21(3).ElmDsl;0.0
\szafar.IntUser\Larger_network_AB.IntPrj\Network Model.IntPrjfolder\Network Data.IntPrjfolder\Grid.ElmNet\Composite Model EV11(5).ElmComp\P-input EV11(5).ElmDsl;0.0
\szafar.IntUser\Larger_network_AB.IntPrj\Network Model.IntPrjfolder\Network Data.IntPrjfolder\Grid.ElmNet\Composite Model EV39(3).ElmComp\P-input EV39(3).ElmDsl;0.0
\szafar.IntUser\Larger_network_AB.IntPrj\Network Model.IntPrjfolder\Network Data.IntPrjfolder\Grid.ElmNet\Composite Model EV9(2).ElmComp\P-input EV9(2).ElmDsl;0.0
\szafar.IntUser\Larger_network_AB.IntPrj\Network Model.IntPrjfolder\Network Data.IntPrjfolder\Grid.ElmNet\Composite Model EV37(7).ElmComp\P-input EV37(7).ElmDsl;0.0016065583600613578
\szafar.IntUser\Larger_network_AB.IntPrj\Network Model.IntPrjfolder\Network Data.IntPrjfolder\Grid.ElmNet\Composite Model EV26.ElmComp\P-input EV26.ElmDsl;6.924741319202341E-4
\szafar.IntUser\Larger_network_AB.IntPrj\Network Model.IntPrjfolder\Network Data.IntPrjfolder\Grid.ElmNet\Composite Model EV19(7).ElmComp\P-input EV19(7).ElmDsl;0.0014161464230930132
\szafar.IntUser\Larger_network_AB.IntPrj\Network Model.IntPrjfolder\Network Data.IntPrjfolder\Grid.ElmNet\Composite Model EV20(6).ElmComp\P-input EV20(6).ElmDsl;0.0017025173615953142
\szafar.IntUser\Larger_network_AB.IntPrj\Network Model.IntPrjfolder\Network Data.IntPrjfolder\Grid.ElmNet\Composite Model EV3(5).ElmComp\P-input EV3(5).ElmDsl;0.005852337185588034
\szafar.IntUser\Larger_network_AB.IntPrj\Network Model.IntPrjfolder\Network Data.IntPrjfolder\Grid.ElmNet\Composite Model EV9(7).ElmComp\P-input EV9(7).ElmDsl;0.0
\szafar.IntUser\Larger_network_AB.IntPrj\Network Model.IntPrjfolder\Network Data.IntPrjfolder\Grid.ElmNet\Composite Model EV30(4).ElmComp\P-input EV30(4).ElmDsl;0.0
\szafar.IntUser\Larger_network_AB.IntPrj\Network Model.IntPrjfolder\Network Data.IntPrjfolder\Grid.ElmNet\Composite Model EV13(1).ElmComp\P-input EV13(1).ElmDsl;0.0
\szafar.IntUser\Larger_network_AB.IntPrj\Network Model.IntPrjfolder\Network Data.IntPrjfolder\Grid.ElmNet\Composite Model EV44(1).ElmComp\P-input EV44(1).ElmDsl;0.0
\szafar.IntUser\Larger_network_AB.IntPrj\Network Model.IntPrjfolder\Network Data.IntPrjfolder\Grid.ElmNet\Composite Model EV10(6).ElmComp\P-input EV10(6).ElmDsl;0.0
\szafar.IntUser\Larger_network_AB.IntPrj\Network Model.IntPrjfolder\Network Data.IntPrjfolder\Grid.ElmNet\Composite Model EV24(5).ElmComp\P-input EV24(5).ElmDsl;0.001601287128712871
\szafar.IntUser\Larger_network_AB.IntPrj\Network Model.IntPrjfolder\Network Data.IntPrjfolder\Grid.ElmNet\Composite Model EV34(3).ElmComp\P-input EV34(3).ElmDsl;0.0
\szafar.IntUser\Larger_network_AB.IntPrj\Network Model.IntPrjfolder\Network Data.IntPrjfolder\Grid.ElmNet\Composite Model EV9.ElmComp\P-input EV9.ElmDsl;0.0
\szafar.IntUser\Larger_network_AB.IntPrj\Network Model.IntPrjfolder\Network Data.IntPrjfolder\Grid.ElmNet\Composite Model EV32(7).ElmComp\P-input EV32(7).ElmDsl;0.001718331055640775
\szafar.IntUser\Larger_network_AB.IntPrj\Network Model.IntPrjfolder\Network Data.IntPrjfolder\Grid.ElmNet\Composite Model EV51(6).ElmComp\P-input EV51(6).ElmDsl;0.0
\szafar.IntUser\Larger_network_AB.IntPrj\Network Model.IntPrjfolder\Network Data.IntPrjfolder\Grid.ElmNet\Composite Model EV26(1).ElmComp\P-input EV26(1).ElmDsl;6.924741319202341E-4
\szafar.IntUser\Larger_network_AB.IntPrj\Network Model.IntPrjfolder\Network Data.IntPrjfolder\Grid.ElmNet\Composite Model EV40(2).ElmComp\P-input EV40(2).ElmDsl;3.8835420443452756E-4
\szafar.IntUser\Larger_network_AB.IntPrj\Network Model.IntPrjfolder\Network Data.IntPrjfolder\Grid.ElmNet\Composite Model EV43(4).ElmComp\P-input EV43(4).ElmDsl;0.0
\szafar.IntUser\Larger_network_AB.IntPrj\Network Model.IntPrjfolder\Network Data.IntPrjfolder\Grid.ElmNet\Composite Model EV1(4).ElmComp\P-input EV1(4).ElmDsl;0.0
\szafar.IntUser\Larger_network_AB.IntPrj\Network Model.IntPrjfolder\Network Data.IntPrjfolder\Grid.ElmNet\Composite Model EV4(8).ElmComp\P-input EV4(8).ElmDsl;0.0060090071258907364
\szafar.IntUser\Larger_network_AB.IntPrj\Network Model.IntPrjfolder\Network Data.IntPrjfolder\Grid.ElmNet\Composite Model EV15(4).ElmComp\P-input EV15(4).ElmDsl;0.0
\szafar.IntUser\Larger_network_AB.IntPrj\Network Model.IntPrjfolder\Network Data.IntPrjfolder\Grid.ElmNet\Composite Model EV53(2).ElmComp\P-input EV53(2).ElmDsl;0.0
\szafar.IntUser\Larger_network_AB.IntPrj\Network Model.IntPrjfolder\Network Data.IntPrjfolder\Grid.ElmNet\Composite Model EV7(6).ElmComp\P-input EV7(6).ElmDsl;0.0
\szafar.IntUser\Larger_network_AB.IntPrj\Network Model.IntPrjfolder\Network Data.IntPrjfolder\Grid.ElmNet\Composite Model EV12(2).ElmComp\P-input EV12(2).ElmDsl;0.0
\szafar.IntUser\Larger_network_AB.IntPrj\Network Model.IntPrjfolder\Network Data.IntPrjfolder\Grid.ElmNet\Composite Model EV31(1).ElmComp\P-input EV31(1).ElmDsl;7.294564482369989E-4
\szafar.IntUser\Larger_network_AB.IntPrj\Network Model.IntPrjfolder\Network Data.IntPrjfolder\Grid.ElmNet\Composite Model EV41(8).ElmComp\P-input EV41(8).ElmDsl;0.0
\szafar.IntUser\Larger_network_AB.IntPrj\Network Model.IntPrjfolder\Network Data.IntPrjfolder\Grid.ElmNet\Composite Model EV23(6).ElmComp\P-input EV23(6).ElmDsl;3.2176349184214126E-4
\szafar.IntUser\Larger_network_AB.IntPrj\Network Model.IntPrjfolder\Network Data.IntPrjfolder\Grid.ElmNet\Composite Model EV4(7).ElmComp\P-input EV4(7).ElmDsl;0.0060090071258907364
\szafar.IntUser\Larger_network_AB.IntPrj\Network Model.IntPrjfolder\Network Data.IntPrjfolder\Grid.ElmNet\Composite Model EV17(4).ElmComp\P-input EV17(4).ElmDsl;0.0
\szafar.IntUser\Larger_network_AB.IntPrj\Network Model.IntPrjfolder\Network Data.IntPrjfolder\Grid.ElmNet\Composite Model EV35(4).ElmComp\P-input EV35(4).ElmDsl;0.0
\szafar.IntUser\Larger_network_AB.IntPrj\Network Model.IntPrjfolder\Network Data.IntPrjfolder\Grid.ElmNet\Composite Model EV54(3).ElmComp\P-input EV54(3).ElmDsl;0.0
\szafar.IntUser\Larger_network_AB.IntPrj\Network Model.IntPrjfolder\Network Data.IntPrjfolder\Grid.ElmNet\Composite Model EV15(8).ElmComp\P-input EV15(8).ElmDsl;2.999255333984103E-4
\szafar.IntUser\Larger_network_AB.IntPrj\Network Model.IntPrjfolder\Network Data.IntPrjfolder\Grid.ElmNet\Composite Model EV34(7).ElmComp\P-input EV34(7).ElmDsl;2.999255333984103E-4
\szafar.IntUser\Larger_network_AB.IntPrj\Network Model.IntPrjfolder\Network Data.IntPrjfolder\Grid.ElmNet\Composite Model EV52(7).ElmComp\P-input EV52(7).ElmDsl;0.0
\szafar.IntUser\Larger_network_AB.IntPrj\Network Model.IntPrjfolder\Network Data.IntPrjfolder\Grid.ElmNet\Composite Model EV25(2).ElmComp\P-input EV25(2).ElmDsl;0.0015749309719704362
\szafar.IntUser\Larger_network_AB.IntPrj\Network Model.IntPrjfolder\Network Data.IntPrjfolder\Grid.ElmNet\Composite Model EV42(5).ElmComp\P-input EV42(5).ElmDsl;0.0
\szafar.IntUser\Larger_network_AB.IntPrj\Network Model.IntPrjfolder\Network Data.IntPrjfolder\Grid.ElmNet\Composite Model EV26(8).ElmComp\P-input EV26(8).ElmDsl;6.924741319202341E-4
\szafar.IntUser\Larger_network_AB.IntPrj\Network Model.IntPrjfolder\Network Data.IntPrjfolder\Grid.ElmNet\Composite Model EV45(7).ElmComp\P-input EV45(7).ElmDsl;0.0
\szafar.IntUser\Larger_network_AB.IntPrj\Network Model.IntPrjfolder\Network Data.IntPrjfolder\Grid.ElmNet\Composite Model EV28(4).ElmComp\P-input EV28(4).ElmDsl;0.0
\szafar.IntUser\Larger_network_AB.IntPrj\Network Model.IntPrjfolder\Network Data.IntPrjfolder\Grid.ElmNet\Composite Model EV47(3).ElmComp\P-input EV47(3).ElmDsl;0.0
\szafar.IntUser\Larger_network_AB.IntPrj\Network Model.IntPrjfolder\Network Data.IntPrjfolder\Grid.ElmNet\Composite Model EV18(1).ElmComp\P-input EV18(1).ElmDsl;0.0011267633523915764
\szafar.IntUser\Larger_network_AB.IntPrj\Network Model.IntPrjfolder\Network Data.IntPrjfolder\Grid.ElmNet\Composite Model EV52.ElmComp\P-input EV52.ElmDsl;4.869038660939114E-4
\szafar.IntUser\Larger_network_AB.IntPrj\Network Model.IntPrjfolder\Network Data.IntPrjfolder\Grid.ElmNet\Composite Model EV16.ElmComp\P-input EV16.ElmDsl;0.0021847569500894164
\szafar.IntUser\Larger_network_AB.IntPrj\Network Model.IntPrjfolder\Network Data.IntPrjfolder\Grid.ElmNet\Composite Model EV29(1).ElmComp\P-input EV29(1).ElmDsl;3.511317807837115E-4
\szafar.IntUser\Larger_network_AB.IntPrj\Network Model.IntPrjfolder\Network Data.IntPrjfolder\Grid.ElmNet\Composite Model EV9(3).ElmComp\P-input EV9(3).ElmDsl;0.0
\szafar.IntUser\Larger_network_AB.IntPrj\Network Model.IntPrjfolder\Network Data.IntPrjfolder\Grid.ElmNet\Composite Model EV5.ElmComp\P-input EV5.ElmDsl;0.0
\szafar.IntUser\Larger_network_AB.IntPrj\Network Model.IntPrjfolder\Network Data.IntPrjfolder\Grid.ElmNet\Composite Model EV33(8).ElmComp\P-input EV33(8).ElmDsl;3.014315994979778E-4
\szafar.IntUser\Larger_network_AB.IntPrj\Network Model.IntPrjfolder\Network Data.IntPrjfolder\Grid.ElmNet\Composite Model EV16(5).ElmComp\P-input EV16(5).ElmDsl;0.0021847569500894164
\szafar.IntUser\Larger_network_AB.IntPrj\Network Model.IntPrjfolder\Network Data.IntPrjfolder\Grid.ElmNet\Composite Model EV20(2).ElmComp\P-input EV20(2).ElmDsl;0.0017025173615953142
\szafar.IntUser\Larger_network_AB.IntPrj\Network Model.IntPrjfolder\Network Data.IntPrjfolder\Grid.ElmNet\Composite Model EV18(8).ElmComp\P-input EV18(8).ElmDsl;0.0011267633523915764
\szafar.IntUser\Larger_network_AB.IntPrj\Network Model.IntPrjfolder\Network Data.IntPrjfolder\Grid.ElmNet\Composite Model EV38(6).ElmComp\P-input EV38(6).ElmDsl;3.0519676474689665E-4
\szafar.IntUser\Larger_network_AB.IntPrj\Network Model.IntPrjfolder\Network Data.IntPrjfolder\Grid.ElmNet\Composite Model EV39.ElmComp\P-input EV39.ElmDsl;5.776893041416815E-4
\szafar.IntUser\Larger_network_AB.IntPrj\Network Model.IntPrjfolder\Network Data.IntPrjfolder\Grid.ElmNet\Composite Model EV48.ElmComp\P-input EV48.ElmDsl;0.001500056895830428
\szafar.IntUser\Larger_network_AB.IntPrj\Network Model.IntPrjfolder\Network Data.IntPrjfolder\Grid.ElmNet\Composite Model EV14.ElmComp\P-input EV14.ElmDsl;5.204587923581084E-4
\szafar.IntUser\Larger_network_AB.IntPrj\Network Model.IntPrjfolder\Network Data.IntPrjfolder\Grid.ElmNet\Composite Model EV50.ElmComp\P-input EV50.ElmDsl;7.793967368567838E-4
\szafar.IntUser\Larger_network_AB.IntPrj\Network Model.IntPrjfolder\Network Data.IntPrjfolder\Grid.ElmNet\Composite Model EV44(8).ElmComp\P-input EV44(8).ElmDsl;0.0
\szafar.IntUser\Larger_network_AB.IntPrj\Network Model.IntPrjfolder\Network Data.IntPrjfolder\Grid.ElmNet\Composite Model EV27(5).ElmComp\P-input EV27(5).ElmDsl;0.001500056895830428
\szafar.IntUser\Larger_network_AB.IntPrj\Network Model.IntPrjfolder\Network Data.IntPrjfolder\Grid.ElmNet\Composite Model EV46(4).ElmComp\P-input EV46(4).ElmDsl;0.0
\szafar.IntUser\Larger_network_AB.IntPrj\Network Model.IntPrjfolder\Network Data.IntPrjfolder\Grid.ElmNet\Composite Model EV3(1).ElmComp\P-input EV3(1).ElmDsl;0.005852337185588034
\szafar.IntUser\Larger_network_AB.IntPrj\Network Model.IntPrjfolder\Network Data.IntPrjfolder\Grid.ElmNet\Composite Model EV49(6).ElmComp\P-input EV49(6).ElmDsl;0.0
\szafar.IntUser\Larger_network_AB.IntPrj\Network Model.IntPrjfolder\Network Data.IntPrjfolder\Grid.ElmNet\Composite Model EV29.ElmComp\P-input EV29.ElmDsl;3.511317807837115E-4
\szafar.IntUser\Larger_network_AB.IntPrj\Network Model.IntPrjfolder\Network Data.IntPrjfolder\Grid.ElmNet\Composite Model EV1(3).ElmComp\P-input EV1(3).ElmDsl;0.0
\szafar.IntUser\Larger_network_AB.IntPrj\Network Model.IntPrjfolder\Network Data.IntPrjfolder\Grid.ElmNet\Composite Model EV3(6).ElmComp\P-input EV3(6).ElmDsl;0.005852337185588034
\szafar.IntUser\Larger_network_AB.IntPrj\Network Model.IntPrjfolder\Network Data.IntPrjfolder\Grid.ElmNet\Composite Model EV41(4).ElmComp\P-input EV41(4).ElmDsl;0.0
\szafar.IntUser\Larger_network_AB.IntPrj\Network Model.IntPrjfolder\Network Data.IntPrjfolder\Grid.ElmNet\Composite Model EV42(2).ElmComp\P-input EV42(2).ElmDsl;0.0
\szafar.IntUser\Larger_network_AB.IntPrj\Network Model.IntPrjfolder\Network Data.IntPrjfolder\Grid.ElmNet\Composite Model EV51(2).ElmComp\P-input EV51(2).ElmDsl;0.0
\szafar.IntUser\Larger_network_AB.IntPrj\Network Model.IntPrjfolder\Network Data.IntPrjfolder\Grid.ElmNet\Composite Model EV7(5).ElmComp\P-input EV7(5).ElmDsl;0.0
\szafar.IntUser\Larger_network_AB.IntPrj\Network Model.IntPrjfolder\Network Data.IntPrjfolder\Grid.ElmNet\Composite Model EV9(8).ElmComp\P-input EV9(8).ElmDsl;0.0
\szafar.IntUser\Larger_network_AB.IntPrj\Network Model.IntPrjfolder\Network Data.IntPrjfolder\Grid.ElmNet\Composite Model EV24(1).ElmComp\P-input EV24(1).ElmDsl;0.001601287128712871
\szafar.IntUser\Larger_network_AB.IntPrj\Network Model.IntPrjfolder\Network Data.IntPrjfolder\Grid.ElmNet\Composite Model EV39(7).ElmComp\P-input EV39(7).ElmDsl;5.776893041416815E-4
\szafar.IntUser\Larger_network_AB.IntPrj\Network Model.IntPrjfolder\Network Data.IntPrjfolder\Grid.ElmNet\Composite Model EV10(3).ElmComp\P-input EV10(3).ElmDsl;0.0
\szafar.IntUser\Larger_network_AB.IntPrj\Network Model.IntPrjfolder\Network Data.IntPrjfolder\Grid.ElmNet\Composite Model EV30.ElmComp\P-input EV30.ElmDsl;0.0016020401617626548
\szafar.IntUser\Larger_network_AB.IntPrj\Network Model.IntPrjfolder\Network Data.IntPrjfolder\Grid.ElmNet\Composite Model EV11(1).ElmComp\P-input EV11(1).ElmDsl;0.0
\szafar.IntUser\Larger_network_AB.IntPrj\Network Model.IntPrjfolder\Network Data.IntPrjfolder\Grid.ElmNet\Composite Model EV14(2).ElmComp\P-input EV14(2).ElmDsl;5.204587923581084E-4
\szafar.IntUser\Larger_network_AB.IntPrj\Network Model.IntPrjfolder\Network Data.IntPrjfolder\Grid.ElmNet\Composite Model EV11.ElmComp\P-input EV11.ElmDsl;0.0
\szafar.IntUser\Larger_network_AB.IntPrj\Network Model.IntPrjfolder\Network Data.IntPrjfolder\Grid.ElmNet\Composite Model EV31(5).ElmComp\P-input EV31(5).ElmDsl;7.294564482369989E-4
\szafar.IntUser\Larger_network_AB.IntPrj\Network Model.IntPrjfolder\Network Data.IntPrjfolder\Grid.ElmNet\Composite Model EV13(4).ElmComp\P-input EV13(4).ElmDsl;0.0
\szafar.IntUser\Larger_network_AB.IntPrj\Network Model.IntPrjfolder\Network Data.IntPrjfolder\Grid.ElmNet\Composite Model EV30(7).ElmComp\P-input EV30(7).ElmDsl;0.0016020401617626548
\szafar.IntUser\Larger_network_AB.IntPrj\Network Model.IntPrjfolder\Network Data.IntPrjfolder\Grid.ElmNet\Composite Model EV33(1).ElmComp\P-input EV33(1).ElmDsl;3.014315994979778E-4
\szafar.IntUser\Larger_network_AB.IntPrj\Network Model.IntPrjfolder\Network Data.IntPrjfolder\Grid.ElmNet\Composite Model EV22(5).ElmComp\P-input EV22(5).ElmDsl;7.673482080602419E-4
\szafar.IntUser\Larger_network_AB.IntPrj\Network Model.IntPrjfolder\Network Data.IntPrjfolder\Grid.ElmNet\Composite Model EV12(6).ElmComp\P-input EV12(6).ElmDsl;0.0
\szafar.IntUser\Larger_network_AB.IntPrj\Network Model.IntPrjfolder\Network Data.IntPrjfolder\Grid.ElmNet\Composite Model EV23(3).ElmComp\P-input EV23(3).ElmDsl;0.0
\szafar.IntUser\Larger_network_AB.IntPrj\Network Model.IntPrjfolder\Network Data.IntPrjfolder\Grid.ElmNet\Composite Model EV50(4).ElmComp\P-input EV50(4).ElmDsl;0.0
\szafar.IntUser\Larger_network_AB.IntPrj\Network Model.IntPrjfolder\Network Data.IntPrjfolder\Grid.ElmNet\Composite Model EV32(3).ElmComp\P-input EV32(3).ElmDsl;0.0
\szafar.IntUser\Larger_network_AB.IntPrj\Network Model.IntPrjfolder\Network Data.IntPrjfolder\Grid.ElmNet\Composite Model EV4(2).ElmComp\P-input EV4(2).ElmDsl;0.0060090071258907364
\szafar.IntUser\Larger_network_AB.IntPrj\Network Model.IntPrjfolder\Network Data.IntPrjfolder\Grid.ElmNet\Composite Model EV21(7).ElmComp\P-input EV21(7).ElmDsl;3.0218463254776156E-4
\szafar.IntUser\Larger_network_AB.IntPrj\Network Model.IntPrjfolder\Network Data.IntPrjfolder\Grid.ElmNet\Composite Model EV40(6).ElmComp\P-input EV40(6).ElmDsl;3.8835420443452756E-4
\szafar.IntUser\Larger_network_AB.IntPrj\Network Model.IntPrjfolder\Network Data.IntPrjfolder\Grid.ElmNet\Composite Model EV36.ElmComp\P-input EV36.ElmDsl;0.0012742524055222417
\szafar.IntUser\Larger_network_AB.IntPrj\Network Model.IntPrjfolder\Network Data.IntPrjfolder\Grid.ElmNet\Composite Model EV26(4).ElmComp\P-input EV26(4).ElmDsl;0.0
\szafar.IntUser\Larger_network_AB.IntPrj\Network Model.IntPrjfolder\Network Data.IntPrjfolder\Grid.ElmNet\Composite Model EV27(2).ElmComp\P-input EV27(2).ElmDsl;0.001500056895830428
\szafar.IntUser\Larger_network_AB.IntPrj\Network Model.IntPrjfolder\Network Data.IntPrjfolder\Grid.ElmNet\Composite Model EV6(4).ElmComp\P-input EV6(4).ElmDsl;0.0
\szafar.IntUser\Larger_network_AB.IntPrj\Network Model.IntPrjfolder\Network Data.IntPrjfolder\Grid.ElmNet\Composite Model EV1.ElmComp\P-input EV1.ElmDsl;0.0
\szafar.IntUser\Larger_network_AB.IntPrj\Network Model.IntPrjfolder\Network Data.IntPrjfolder\Grid.ElmNet\Composite Model EV55(5).ElmComp\P-input EV55(5).ElmDsl;0.0
\szafar.IntUser\Larger_network_AB.IntPrj\Network Model.IntPrjfolder\Network Data.IntPrjfolder\Grid.ElmNet\Composite Model EV40.ElmComp\P-input EV40.ElmDsl;3.8835420443452756E-4
\szafar.IntUser\Larger_network_AB.IntPrj\Network Model.IntPrjfolder\Network Data.IntPrjfolder\Grid.ElmNet\Composite Model EV14(6).ElmComp\P-input EV14(6).ElmDsl;5.204587923581084E-4
\szafar.IntUser\Larger_network_AB.IntPrj\Network Model.IntPrjfolder\Network Data.IntPrjfolder\Grid.ElmNet\Composite Model EV13(8).ElmComp\P-input EV13(8).ElmDsl;0.0
\szafar.IntUser\Larger_network_AB.IntPrj\Network Model.IntPrjfolder\Network Data.IntPrjfolder\Grid.ElmNet\Composite Model EV2(5).ElmComp\P-input EV2(5).ElmDsl;0.0
\szafar.IntUser\Larger_network_AB.IntPrj\Network Model.IntPrjfolder\Network Data.IntPrjfolder\Grid.ElmNet\Composite Model EV45(3).ElmComp\P-input EV45(3).ElmDsl;0.0
\szafar.IntUser\Larger_network_AB.IntPrj\Network Model.IntPrjfolder\Network Data.IntPrjfolder\Grid.ElmNet\Composite Model EV37(4).ElmComp\P-input EV37(4).ElmDsl;0.0
\szafar.IntUser\Larger_network_AB.IntPrj\Network Model.IntPrjfolder\Network Data.IntPrjfolder\Grid.ElmNet\Composite Model EV46(1).ElmComp\P-input EV46(1).ElmDsl;0.0
\szafar.IntUser\Larger_network_AB.IntPrj\Network Model.IntPrjfolder\Network Data.IntPrjfolder\Grid.ElmNet\Composite Model EV38(2).ElmComp\P-input EV38(2).ElmDsl;3.0519676474689665E-4
\szafar.IntUser\Larger_network_AB.IntPrj\Network Model.IntPrjfolder\Network Data.IntPrjfolder\Grid.ElmNet\Composite Model EV25(6).ElmComp\P-input EV25(6).ElmDsl;0.0015749309719704362
\szafar.IntUser\Larger_network_AB.IntPrj\Network Model.IntPrjfolder\Network Data.IntPrjfolder\Grid.ElmNet\Composite Model EV44(5).ElmComp\P-input EV44(5).ElmDsl;0.0
\szafar.IntUser\Larger_network_AB.IntPrj\Network Model.IntPrjfolder\Network Data.IntPrjfolder\Grid.ElmNet\Composite Model EV24(8).ElmComp\P-input EV24(8).ElmDsl;0.001601287128712871
\szafar.IntUser\Larger_network_AB.IntPrj\Network Model.IntPrjfolder\Network Data.IntPrjfolder\Grid.ElmNet\Composite Model EV43(7).ElmComp\P-input EV43(7).ElmDsl;0.0
\szafar.IntUser\Larger_network_AB.IntPrj\Network Model.IntPrjfolder\Network Data.IntPrjfolder\Grid.ElmNet\Composite Model EV35(8).ElmComp\P-input EV35(8).ElmDsl;7.959634639520285E-4
\szafar.IntUser\Larger_network_AB.IntPrj\Network Model.IntPrjfolder\Network Data.IntPrjfolder\Grid.ElmNet\Composite Model EV18(5).ElmComp\P-input EV18(5).ElmDsl;0.0011267633523915764
\szafar.IntUser\Larger_network_AB.IntPrj\Network Model.IntPrjfolder\Network Data.IntPrjfolder\Grid.ElmNet\Composite Model EV49(2).ElmComp\P-input EV49(2).ElmDsl;0.0
\szafar.IntUser\Larger_network_AB.IntPrj\Network Model.IntPrjfolder\Network Data.IntPrjfolder\Grid.ElmNet\Composite Model EV19(3).ElmComp\P-input EV19(3).ElmDsl;0.0
\szafar.IntUser\Larger_network_AB.IntPrj\Network Model.IntPrjfolder\Network Data.IntPrjfolder\Grid.ElmNet\Composite Model EV33.ElmComp\P-input EV33.ElmDsl;3.014315994979778E-4
\szafar.IntUser\Larger_network_AB.IntPrj\Network Model.IntPrjfolder\Network Data.IntPrjfolder\Grid.ElmNet\Composite Model EV17(7).ElmComp\P-input EV17(7).ElmDsl;0.0017371568818853713
\szafar.IntUser\Larger_network_AB.IntPrj\Network Model.IntPrjfolder\Network Data.IntPrjfolder\Grid.ElmNet\Composite Model EV36(6).ElmComp\P-input EV36(6).ElmDsl;0.0012742524055222417
\szafar.IntUser\Larger_network_AB.IntPrj\Network Model.IntPrjfolder\Network Data.IntPrjfolder\Grid.ElmNet\Composite Model EV8(7).ElmComp\P-input EV8(7).ElmDsl;0.0
\szafar.IntUser\Larger_network_AB.IntPrj\Network Model.IntPrjfolder\Network Data.IntPrjfolder\Grid.ElmNet\Composite Model EV5(3).ElmComp\P-input EV5(3).ElmDsl;0.0
\szafar.IntUser\Larger_network_AB.IntPrj\Network Model.IntPrjfolder\Network Data.IntPrjfolder\Grid.ElmNet\Composite Model EV54(7).ElmComp\P-input EV54(7).ElmDsl;0.0
\szafar.IntUser\Larger_network_AB.IntPrj\Network Model.IntPrjfolder\Network Data.IntPrjfolder\Grid.ElmNet\Composite Model EV46(8).ElmComp\P-input EV46(8).ElmDsl;0.0
\szafar.IntUser\Larger_network_AB.IntPrj\Network Model.IntPrjfolder\Network Data.IntPrjfolder\Grid.ElmNet\Composite Model EV8(1).ElmComp\P-input EV8(1).ElmDsl;0.0
\szafar.IntUser\Larger_network_AB.IntPrj\Network Model.IntPrjfolder\Network Data.IntPrjfolder\Grid.ElmNet\Composite Model EV29(5).ElmComp\P-input EV29(5).ElmDsl;3.511317807837115E-4
\szafar.IntUser\Larger_network_AB.IntPrj\Network Model.IntPrjfolder\Network Data.IntPrjfolder\Grid.ElmNet\Composite Model EV48(4).ElmComp\P-input EV48(4).ElmDsl;0.0
\szafar.IntUser\Larger_network_AB.IntPrj\Network Model.IntPrjfolder\Network Data.IntPrjfolder\Grid.ElmNet\Composite Model EV28(7).ElmComp\P-input EV28(7).ElmDsl;4.3273031717919755E-4
\szafar.IntUser\Larger_network_AB.IntPrj\Network Model.IntPrjfolder\Network Data.IntPrjfolder\Grid.ElmNet\Composite Model EV47(6).ElmComp\P-input EV47(6).ElmDsl;0.0
\szafar.IntUser\Larger_network_AB.IntPrj\Network Model.IntPrjfolder\Network Data.IntPrjfolder\Grid.ElmNet\Composite Model EV48(3).ElmComp\P-input EV48(3).ElmDsl;0.0
\szafar.IntUser\Larger_network_AB.IntPrj\Network Model.IntPrjfolder\Network Data.IntPrjfolder\Grid.ElmNet\Composite Model EV24(6).ElmComp\P-input EV24(6).ElmDsl;0.001601287128712871
\szafar.IntUser\Larger_network_AB.IntPrj\Network Model.IntPrjfolder\Network Data.IntPrjfolder\Grid.ElmNet\Composite Model EV34(4).ElmComp\P-input EV34(4).ElmDsl;0.0
\szafar.IntUser\Larger_network_AB.IntPrj\Network Model.IntPrjfolder\Network Data.IntPrjfolder\Grid.ElmNet\Composite Model EV44(2).ElmComp\P-input EV44(2).ElmDsl;0.0
\szafar.IntUser\Larger_network_AB.IntPrj\Network Model.IntPrjfolder\Network Data.IntPrjfolder\Grid.ElmNet\Composite Model EV10(7).ElmComp\P-input EV10(7).ElmDsl;0.0
\szafar.IntUser\Larger_network_AB.IntPrj\Network Model.IntPrjfolder\Network Data.IntPrjfolder\Grid.ElmNet\Composite Model EV19(6).ElmComp\P-input EV19(6).ElmDsl;0.0014161464230930132
\szafar.IntUser\Larger_network_AB.IntPrj\Network Model.IntPrjfolder\Network Data.IntPrjfolder\Grid.ElmNet\Composite Model EV38(5).ElmComp\P-input EV38(5).ElmDsl;3.0519676474689665E-4
\szafar.IntUser\Larger_network_AB.IntPrj\Network Model.IntPrjfolder\Network Data.IntPrjfolder\Grid.ElmNet\Composite Model EV14(8).ElmComp\P-input EV14(8).ElmDsl;5.204587923581084E-4
\szafar.IntUser\Larger_network_AB.IntPrj\Network Model.IntPrjfolder\Network Data.IntPrjfolder\Grid.ElmNet\Composite Model EV33(7).ElmComp\P-input EV33(7).ElmDsl;3.014315994979778E-4
\szafar.IntUser\Larger_network_AB.IntPrj\Network Model.IntPrjfolder\Network Data.IntPrjfolder\Grid.ElmNet\Composite Model EV39(2).ElmComp\P-input EV39(2).ElmDsl;5.776893041416815E-4
\szafar.IntUser\Larger_network_AB.IntPrj\Network Model.IntPrjfolder\Network Data.IntPrjfolder\Grid.ElmNet\Composite Model EV29(4).ElmComp\P-input EV29(4).ElmDsl;0.0
\szafar.IntUser\Larger_network_AB.IntPrj\Network Model.IntPrjfolder\Network Data.IntPrjfolder\Grid.ElmNet\Composite Model EV40(1).ElmComp\P-input EV40(1).ElmDsl;3.8835420443452756E-4
\szafar.IntUser\Larger_network_AB.IntPrj\Network Model.IntPrjfolder\Network Data.IntPrjfolder\Grid.ElmNet\Composite Model EV43(5).ElmComp\P-input EV43(5).ElmDsl;0.0
\szafar.IntUser\Larger_network_AB.IntPrj\Network Model.IntPrjfolder\Network Data.IntPrjfolder\Grid.ElmNet\Composite Model EV15(5).ElmComp\P-input EV15(5).ElmDsl;2.999255333984103E-4
\szafar.IntUser\Larger_network_AB.IntPrj\Network Model.IntPrjfolder\Network Data.IntPrjfolder\Grid.ElmNet\Composite Model EV53(3).ElmComp\P-input EV53(3).ElmDsl;0.0
\szafar.IntUser\Larger_network_AB.IntPrj\Network Model.IntPrjfolder\Network Data.IntPrjfolder\Grid.ElmNet\Composite Model EV21(2).ElmComp\P-input EV21(2).ElmDsl;3.0218463254776156E-4
\szafar.IntUser\Larger_network_AB.IntPrj\Network Model.IntPrjfolder\Network Data.IntPrjfolder\Grid.ElmNet\Composite Model EV11(4).ElmComp\P-input EV11(4).ElmDsl;0.0
\szafar.IntUser\Larger_network_AB.IntPrj\Network Model.IntPrjfolder\Network Data.IntPrjfolder\Grid.ElmNet\Composite Model EV50(8).ElmComp\P-input EV50(8).ElmDsl;0.0
\szafar.IntUser\Larger_network_AB.IntPrj\Network Model.IntPrjfolder\Network Data.IntPrjfolder\Grid.ElmNet\Composite Model EV55(6).ElmComp\P-input EV55(6).ElmDsl;0.0
\szafar.IntUser\Larger_network_AB.IntPrj\Network Model.IntPrjfolder\Network Data.IntPrjfolder\Grid.ElmNet\Composite Model EV1(7).ElmComp\P-input EV1(7).ElmDsl;0.0
\szafar.IntUser\Larger_network_AB.IntPrj\Network Model.IntPrjfolder\Network Data.IntPrjfolder\Grid.ElmNet\Composite Model EV45(8).ElmComp\P-input EV45(8).ElmDsl;0.0
\szafar.IntUser\Larger_network_AB.IntPrj\Network Model.IntPrjfolder\Network Data.IntPrjfolder\Grid.ElmNet\Composite Model EV10.ElmComp\P-input EV10.ElmDsl;0.0
\szafar.IntUser\Larger_network_AB.IntPrj\Network Model.IntPrjfolder\Network Data.IntPrjfolder\Grid.ElmNet\Composite Model EV30(3).ElmComp\P-input EV30(3).ElmDsl;0.0
\szafar.IntUser\Larger_network_AB.IntPrj\Network Model.IntPrjfolder\Network Data.IntPrjfolder\Grid.ElmNet\Composite Model EV25(3).ElmComp\P-input EV25(3).ElmDsl;0.0
\szafar.IntUser\Larger_network_AB.IntPrj\Network Model.IntPrjfolder\Network Data.IntPrjfolder\Grid.ElmNet\Composite Model EV20(5).ElmComp\P-input EV20(5).ElmDsl;0.0017025173615953142
\szafar.IntUser\Larger_network_AB.IntPrj\Network Model.IntPrjfolder\Network Data.IntPrjfolder\Grid.ElmNet\Composite Model EV16(2).ElmComp\P-input EV16(2).ElmDsl;0.0021847569500894164
\szafar.IntUser\Larger_network_AB.IntPrj\Network Model.IntPrjfolder\Network Data.IntPrjfolder\Grid.ElmNet\Composite Model EV35(1).ElmComp\P-input EV35(1).ElmDsl;7.959634639520285E-4
\szafar.IntUser\Larger_network_AB.IntPrj\Network Model.IntPrjfolder\Network Data.IntPrjfolder\Grid.ElmNet\Composite Model EV7(8).ElmComp\P-input EV7(8).ElmDsl;0.0
\szafar.IntUser\Larger_network_AB.IntPrj\Network Model.IntPrjfolder\Network Data.IntPrjfolder\Grid.ElmNet\Composite Model EV46(5).ElmComp\P-input EV46(5).ElmDsl;0.0
\szafar.IntUser\Larger_network_AB.IntPrj\Network Model.IntPrjfolder\Network Data.IntPrjfolder\Grid.ElmNet\Composite Model EV16(6).ElmComp\P-input EV16(6).ElmDsl;0.0021847569500894164
\szafar.IntUser\Larger_network_AB.IntPrj\Network Model.IntPrjfolder\Network Data.IntPrjfolder\Grid.ElmNet\Composite Model EV36(2).ElmComp\P-input EV36(2).ElmDsl;0.0012742524055222417
\szafar.IntUser\Larger_network_AB.IntPrj\Network Model.IntPrjfolder\Network Data.IntPrjfolder\Grid.ElmNet\Composite Model EV12(5).ElmComp\P-input EV12(5).ElmDsl;0.0
\szafar.IntUser\Larger_network_AB.IntPrj\Network Model.IntPrjfolder\Network Data.IntPrjfolder\Grid.ElmNet\Composite Model EV4(1).ElmComp\P-input EV4(1).ElmDsl;0.0060090071258907364
\szafar.IntUser\Larger_network_AB.IntPrj\Network Model.IntPrjfolder\Network Data.IntPrjfolder\Grid.ElmNet\Composite Model EV11(8).ElmComp\P-input EV11(8).ElmDsl;0.0
\szafar.IntUser\Larger_network_AB.IntPrj\Network Model.IntPrjfolder\Network Data.IntPrjfolder\Grid.ElmNet\Composite Model EV3.ElmComp\P-input EV3.ElmDsl;0.005852337185588034
\szafar.IntUser\Larger_network_AB.IntPrj\Network Model.IntPrjfolder\Network Data.IntPrjfolder\Grid.ElmNet\Composite Model EV27(6).ElmComp\P-input EV27(6).ElmDsl;0.001500056895830428
\szafar.IntUser\Larger_network_AB.IntPrj\Network Model.IntPrjfolder\Network Data.IntPrjfolder\Grid.ElmNet\Composite Model EV55.ElmComp\P-input EV55.ElmDsl;0.001500056895830428
\szafar.IntUser\Larger_network_AB.IntPrj\Network Model.IntPrjfolder\Network Data.IntPrjfolder\Grid.ElmNet\Composite Model EV17(3).ElmComp\P-input EV17(3).ElmDsl;0.0
\szafar.IntUser\Larger_network_AB.IntPrj\Network Model.IntPrjfolder\Network Data.IntPrjfolder\Grid.ElmNet\Composite Model EV55(1).ElmComp\P-input EV55(1).ElmDsl;0.0
\szafar.IntUser\Larger_network_AB.IntPrj\Network Model.IntPrjfolder\Network Data.IntPrjfolder\Grid.ElmNet\Composite Model EV31(4).ElmComp\P-input EV31(4).ElmDsl;0.0
\szafar.IntUser\Larger_network_AB.IntPrj\Network Model.IntPrjfolder\Network Data.IntPrjfolder\Grid.ElmNet\Composite Model EV29(8).ElmComp\P-input EV29(8).ElmDsl;3.511317807837115E-4
\szafar.IntUser\Larger_network_AB.IntPrj\Network Model.IntPrjfolder\Network Data.IntPrjfolder\Grid.ElmNet\Composite Model EV8(6).ElmComp\P-input EV8(6).ElmDsl;0.0
\szafar.IntUser\Larger_network_AB.IntPrj\Network Model.IntPrjfolder\Network Data.IntPrjfolder\Grid.ElmNet\Composite Model EV22(8).ElmComp\P-input EV22(8).ElmDsl;7.673482080602419E-4
\szafar.IntUser\Larger_network_AB.IntPrj\Network Model.IntPrjfolder\Network Data.IntPrjfolder\Grid.ElmNet\Composite Model EV41(7).ElmComp\P-input EV41(7).ElmDsl;0.0
\szafar.IntUser\Larger_network_AB.IntPrj\Network Model.IntPrjfolder\Network Data.IntPrjfolder\Grid.ElmNet\Composite Model EV34.ElmComp\P-input EV34.ElmDsl;2.999255333984103E-4
\szafar.IntUser\Larger_network_AB.IntPrj\Network Model.IntPrjfolder\Network Data.IntPrjfolder\Grid.ElmNet\Composite Model EV6(2).ElmComp\P-input EV6(2).ElmDsl;0.0
\szafar.IntUser\Larger_network_AB.IntPrj\Network Model.IntPrjfolder\Network Data.IntPrjfolder\Grid.ElmNet\Composite Model EV6(5).ElmComp\P-input EV6(5).ElmDsl;0.0
\szafar.IntUser\Larger_network_AB.IntPrj\Network Model.IntPrjfolder\Network Data.IntPrjfolder\Grid.ElmNet\Composite Model EV28(3).ElmComp\P-input EV28(3).ElmDsl;0.0
\szafar.IntUser\Larger_network_AB.IntPrj\Network Model.IntPrjfolder\Network Data.IntPrjfolder\Grid.ElmNet\Composite Model EV43(1).ElmComp\P-input EV43(1).ElmDsl;0.0
\szafar.IntUser\Larger_network_AB.IntPrj\Network Model.IntPrjfolder\Network Data.IntPrjfolder\Grid.ElmNet\Composite Model EV50(3).ElmComp\P-input EV50(3).ElmDsl;0.0
\szafar.IntUser\Larger_network_AB.IntPrj\Network Model.IntPrjfolder\Network Data.IntPrjfolder\Grid.ElmNet\Composite Model EV37(8).ElmComp\P-input EV37(8).ElmDsl;0.0016065583600613578
\szafar.IntUser\Larger_network_AB.IntPrj\Network Model.IntPrjfolder\Network Data.IntPrjfolder\Grid.ElmNet\Composite Model EV52(6).ElmComp\P-input EV52(6).ElmDsl;0.0
\szafar.IntUser\Larger_network_AB.IntPrj\Network Model.IntPrjfolder\Network Data.IntPrjfolder\Grid.ElmNet\Composite Model EV47(2).ElmComp\P-input EV47(2).ElmDsl;0.0
\szafar.IntUser\Larger_network_AB.IntPrj\Network Model.IntPrjfolder\Network Data.IntPrjfolder\Grid.ElmNet\Composite Model EV32.ElmComp\P-input EV32.ElmDsl;0.001718331055640775
\szafar.IntUser\Larger_network_AB.IntPrj\Network Model.IntPrjfolder\Network Data.IntPrjfolder\Grid.ElmNet\Composite Model EV23(5).ElmComp\P-input EV23(5).ElmDsl;3.2176349184214126E-4
\szafar.IntUser\Larger_network_AB.IntPrj\Network Model.IntPrjfolder\Network Data.IntPrjfolder\Grid.ElmNet\Composite Model EV42(4).ElmComp\P-input EV42(4).ElmDsl;0.0
\szafar.IntUser\Larger_network_AB.IntPrj\Network Model.IntPrjfolder\Network Data.IntPrjfolder\Grid.ElmNet\Composite Model EV13(2).ElmComp\P-input EV13(2).ElmDsl;0.0
\szafar.IntUser\Larger_network_AB.IntPrj\Network Model.IntPrjfolder\Network Data.IntPrjfolder\Grid.ElmNet\Composite Model EV32(1).ElmComp\P-input EV32(1).ElmDsl;0.001718331055640775
\szafar.IntUser\Larger_network_AB.IntPrj\Network Model.IntPrjfolder\Network Data.IntPrjfolder\Grid.ElmNet\Composite Model EV48(8).ElmComp\P-input EV48(8).ElmDsl;0.0
\szafar.IntUser\Larger_network_AB.IntPrj\Network Model.IntPrjfolder\Network Data.IntPrjfolder\Grid.ElmNet\Composite Model EV15(1).ElmComp\P-input EV15(1).ElmDsl;2.999255333984103E-4
\szafar.IntUser\Larger_network_AB.IntPrj\Network Model.IntPrjfolder\Network Data.IntPrjfolder\Grid.ElmNet\Composite Model EV14(3).ElmComp\P-input EV14(3).ElmDsl;0.0
\szafar.IntUser\Larger_network_AB.IntPrj\Network Model.IntPrjfolder\Network Data.IntPrjfolder\Grid.ElmNet\Composite Model EV18(4).ElmComp\P-input EV18(4).ElmDsl;0.0
\szafar.IntUser\Larger_network_AB.IntPrj\Network Model.IntPrjfolder\Network Data.IntPrjfolder\Grid.ElmNet\Composite Model EV20(1).ElmComp\P-input EV20(1).ElmDsl;0.0017025173615953142
\szafar.IntUser\Larger_network_AB.IntPrj\Network Model.IntPrjfolder\Network Data.IntPrjfolder\Grid.ElmNet\Composite Model EV35.ElmComp\P-input EV35.ElmDsl;7.959634639520285E-4
\szafar.IntUser\Larger_network_AB.IntPrj\Network Model.IntPrjfolder\Network Data.IntPrjfolder\Grid.ElmNet\Composite Model EV53.ElmComp\P-input EV53.ElmDsl;3.3531808673825073E-4
\szafar.IntUser\Larger_network_AB.IntPrj\Network Model.IntPrjfolder\Network Data.IntPrjfolder\Grid.ElmNet\Composite Model EV30(8).ElmComp\P-input EV30(8).ElmDsl;0.0016020401617626548
\szafar.IntUser\Larger_network_AB.IntPrj\Network Model.IntPrjfolder\Network Data.IntPrjfolder\Grid.ElmNet\Composite Model EV53(8).ElmComp\P-input EV53(8).ElmDsl;0.0
\szafar.IntUser\Larger_network_AB.IntPrj\Network Model.IntPrjfolder\Network Data.IntPrjfolder\Grid.ElmNet\Composite Model EV24(2).ElmComp\P-input EV24(2).ElmDsl;0.001601287128712871
\szafar.IntUser\Larger_network_AB.IntPrj\Network Model.IntPrjfolder\Network Data.IntPrjfolder\Grid.ElmNet\Composite Model EV33(2).ElmComp\P-input EV33(2).ElmDsl;3.014315994979778E-4
\szafar.IntUser\Larger_network_AB.IntPrj\Network Model.IntPrjfolder\Network Data.IntPrjfolder\Grid.ElmNet\Composite Model EV23(4).ElmComp\P-input EV23(4).ElmDsl;0.0
\szafar.IntUser\Larger_network_AB.IntPrj\Network Model.IntPrjfolder\Network Data.IntPrjfolder\Grid.ElmNet\Composite Model EV9(1).ElmComp\P-input EV9(1).ElmDsl;0.0
\szafar.IntUser\Larger_network_AB.IntPrj\Network Model.IntPrjfolder\Network Data.IntPrjfolder\Grid.ElmNet\Composite Model EV48(7).ElmComp\P-input EV48(7).ElmDsl;0.0
\szafar.IntUser\Larger_network_AB.IntPrj\Network Model.IntPrjfolder\Network Data.IntPrjfolder\Grid.ElmNet\Composite Model EV8(3).ElmComp\P-input EV8(3).ElmDsl;0.0
\szafar.IntUser\Larger_network_AB.IntPrj\Network Model.IntPrjfolder\Network Data.IntPrjfolder\Grid.ElmNet\Composite Model EV5(2).ElmComp\P-input EV5(2).ElmDsl;0.0
\szafar.IntUser\Larger_network_AB.IntPrj\Network Model.IntPrjfolder\Network Data.IntPrjfolder\Grid.ElmNet\Composite Model EV49(5).ElmComp\P-input EV49(5).ElmDsl;0.0
\szafar.IntUser\Larger_network_AB.IntPrj\Network Model.IntPrjfolder\Network Data.IntPrjfolder\Grid.ElmNet\Composite Model EV54(4).ElmComp\P-input EV54(4).ElmDsl;0.0
\szafar.IntUser\Larger_network_AB.IntPrj\Network Model.IntPrjfolder\Network Data.IntPrjfolder\Grid.ElmNet\Composite Model EV52(1).ElmComp\P-input EV52(1).ElmDsl;0.0
\szafar.IntUser\Larger_network_AB.IntPrj\Network Model.IntPrjfolder\Network Data.IntPrjfolder\Grid.ElmNet\Composite Model EV8(8).ElmComp\P-input EV8(8).ElmDsl;0.0
\szafar.IntUser\Larger_network_AB.IntPrj\Network Model.IntPrjfolder\Network Data.IntPrjfolder\Grid.ElmNet\Composite Model EV5(4).ElmComp\P-input EV5(4).ElmDsl;0.0
\szafar.IntUser\Larger_network_AB.IntPrj\Network Model.IntPrjfolder\Network Data.IntPrjfolder\Grid.ElmNet\Composite Model EV41(3).ElmComp\P-input EV41(3).ElmDsl;0.0
\szafar.IntUser\Larger_network_AB.IntPrj\Network Model.IntPrjfolder\Network Data.IntPrjfolder\Grid.ElmNet\Composite Model EV2(3).ElmComp\P-input EV2(3).ElmDsl;0.0
\szafar.IntUser\Larger_network_AB.IntPrj\Network Model.IntPrjfolder\Network Data.IntPrjfolder\Grid.ElmNet\Composite Model EV5(7).ElmComp\P-input EV5(7).ElmDsl;0.0
\szafar.IntUser\Larger_network_AB.IntPrj\Network Model.IntPrjfolder\Network Data.IntPrjfolder\Grid.ElmNet\Composite Model EV36(3).ElmComp\P-input EV36(3).ElmDsl;0.0
\szafar.IntUser\Larger_network_AB.IntPrj\Network Model.IntPrjfolder\Network Data.IntPrjfolder\Grid.ElmNet\Composite Model EV55(2).ElmComp\P-input EV55(2).ElmDsl;0.0
\szafar.IntUser\Larger_network_AB.IntPrj\Network Model.IntPrjfolder\Network Data.IntPrjfolder\Grid.ElmNet\Composite Model EV39(6).ElmComp\P-input EV39(6).ElmDsl;5.776893041416815E-4
\szafar.IntUser\Larger_network_AB.IntPrj\Network Model.IntPrjfolder\Network Data.IntPrjfolder\Grid.ElmNet\Composite Model EV35(5).ElmComp\P-input EV35(5).ElmDsl;7.959634639520285E-4
\szafar.IntUser\Larger_network_AB.IntPrj\Network Model.IntPrjfolder\Network Data.IntPrjfolder\Grid.ElmNet\Composite Model EV45(4).ElmComp\P-input EV45(4).ElmDsl;0.0
\szafar.IntUser\Larger_network_AB.IntPrj\Network Model.IntPrjfolder\Network Data.IntPrjfolder\Grid.ElmNet\Composite Model EV26(5).ElmComp\P-input EV26(5).ElmDsl;6.924741319202341E-4
\szafar.IntUser\Larger_network_AB.IntPrj\Network Model.IntPrjfolder\Network Data.IntPrjfolder\Grid.ElmNet\Composite Model EV2.ElmComp\P-input EV2.ElmDsl;0.0
\szafar.IntUser\Larger_network_AB.IntPrj\Network Model.IntPrjfolder\Network Data.IntPrjfolder\Grid.ElmNet\Composite Model EV10(2).ElmComp\P-input EV10(2).ElmDsl;0.0
\szafar.IntUser\Larger_network_AB.IntPrj\Network Model.IntPrjfolder\Network Data.IntPrjfolder\Grid.ElmNet\Composite Model EV25(7).ElmComp\P-input EV25(7).ElmDsl;0.0015749309719704362
\szafar.IntUser\Larger_network_AB.IntPrj\Network Model.IntPrjfolder\Network Data.IntPrjfolder\Grid.ElmNet\Composite Model EV44(6).ElmComp\P-input EV44(6).ElmDsl;0.0
\szafar.IntUser\Larger_network_AB.IntPrj\Network Model.IntPrjfolder\Network Data.IntPrjfolder\Grid.ElmNet\Composite Model EV16(1).ElmComp\P-input EV16(1).ElmDsl;0.0021847569500894164
\szafar.IntUser\Larger_network_AB.IntPrj\Network Model.IntPrjfolder\Network Data.IntPrjfolder\Grid.ElmNet\Composite Model EV13.ElmComp\P-input EV13.ElmDsl;0.0
\szafar.IntUser\Larger_network_AB.IntPrj\Network Model.IntPrjfolder\Network Data.IntPrjfolder\Grid.ElmNet\Composite Model EV31.ElmComp\P-input EV31.ElmDsl;7.294564482369989E-4
\szafar.IntUser\Larger_network_AB.IntPrj\Network Model.IntPrjfolder\Network Data.IntPrjfolder\Grid.ElmNet\Composite Model EV54(8).ElmComp\P-input EV54(8).ElmDsl;0.0
\szafar.IntUser\Larger_network_AB.IntPrj\Network Model.IntPrjfolder\Network Data.IntPrjfolder\Grid.ElmNet\Composite Model EV32(6).ElmComp\P-input EV32(6).ElmDsl;0.001718331055640775
\szafar.IntUser\Larger_network_AB.IntPrj\Network Model.IntPrjfolder\Network Data.IntPrjfolder\Grid.ElmNet\Composite Model EV51(5).ElmComp\P-input EV51(5).ElmDsl;0.0
\szafar.IntUser\Larger_network_AB.IntPrj\Network Model.IntPrjfolder\Network Data.IntPrjfolder\Grid.ElmNet\Composite Model EV31(8).ElmComp\P-input EV31(8).ElmDsl;7.294564482369989E-4
\szafar.IntUser\Larger_network_AB.IntPrj\Network Model.IntPrjfolder\Network Data.IntPrjfolder\Grid.ElmNet\Composite Model EV50(7).ElmComp\P-input EV50(7).ElmDsl;0.0
\szafar.IntUser\Larger_network_AB.IntPrj\Network Model.IntPrjfolder\Network Data.IntPrjfolder\Grid.ElmNet\Composite Model EV17(8).ElmComp\P-input EV17(8).ElmDsl;0.0017371568818853713
\szafar.IntUser\Larger_network_AB.IntPrj\Network Model.IntPrjfolder\Network Data.IntPrjfolder\Grid.ElmNet\Composite Model EV36(7).ElmComp\P-input EV36(7).ElmDsl;0.0012742524055222417
\szafar.IntUser\Larger_network_AB.IntPrj\Network Model.IntPrjfolder\Network Data.IntPrjfolder\Grid.ElmNet\Composite Model EV47(7).ElmComp\P-input EV47(7).ElmDsl;0.0
\szafar.IntUser\Larger_network_AB.IntPrj\Network Model.IntPrjfolder\Network Data.IntPrjfolder\Grid.ElmNet\Composite Model EV3(8).ElmComp\P-input EV3(8).ElmDsl;0.005852337185588034
\szafar.IntUser\Larger_network_AB.IntPrj\Network Model.IntPrjfolder\Network Data.IntPrjfolder\Grid.ElmNet\Composite Model EV22(4).ElmComp\P-input EV22(4).ElmDsl;0.0
\szafar.IntUser\Larger_network_AB.IntPrj\Network Model.IntPrjfolder\Network Data.IntPrjfolder\Grid.ElmNet\Composite Model EV21(6).ElmComp\P-input EV21(6).ElmDsl;3.0218463254776156E-4
\szafar.IntUser\Larger_network_AB.IntPrj\Network Model.IntPrjfolder\Network Data.IntPrjfolder\Grid.ElmNet\Composite Model EV40(5).ElmComp\P-input EV40(5).ElmDsl;3.8835420443452756E-4
\szafar.IntUser\Larger_network_AB.IntPrj\Network Model.IntPrjfolder\Network Data.IntPrjfolder\Grid.ElmNet\Composite Model EV9(4).ElmComp\P-input EV9(4).ElmDsl;0.0
\szafar.IntUser\Larger_network_AB.IntPrj\Network Model.IntPrjfolder\Network Data.IntPrjfolder\Grid.ElmNet\Composite Model EV42(8).ElmComp\P-input EV42(8).ElmDsl;0.0
\szafar.IntUser\Larger_network_AB.IntPrj\Network Model.IntPrjfolder\Network Data.IntPrjfolder\Grid.ElmNet\Composite Model EV28(8).ElmComp\P-input EV28(8).ElmDsl;4.3273031717919755E-4
\szafar.IntUser\Larger_network_AB.IntPrj\Network Model.IntPrjfolder\Network Data.IntPrjfolder\Grid.ElmNet\Composite Model EV38(1).ElmComp\P-input EV38(1).ElmDsl;3.0519676474689665E-4
\szafar.IntUser\Larger_network_AB.IntPrj\Network Model.IntPrjfolder\Network Data.IntPrjfolder\Grid.ElmNet\Composite Model EV1(2).ElmComp\P-input EV1(2).ElmDsl;0.0
\szafar.IntUser\Larger_network_AB.IntPrj\Network Model.IntPrjfolder\Network Data.IntPrjfolder\Grid.ElmNet\Composite Model EV4(6).ElmComp\P-input EV4(6).ElmDsl;0.0060090071258907364
\szafar.IntUser\Larger_network_AB.IntPrj\Network Model.IntPrjfolder\Network Data.IntPrjfolder\Grid.ElmNet\Composite Model EV1(5).ElmComp\P-input EV1(5).ElmDsl;0.0
\szafar.IntUser\Larger_network_AB.IntPrj\Network Model.IntPrjfolder\Network Data.IntPrjfolder\Grid.ElmNet\Composite Model EV13(7).ElmComp\P-input EV13(7).ElmDsl;0.0
\szafar.IntUser\Larger_network_AB.IntPrj\Network Model.IntPrjfolder\Network Data.IntPrjfolder\Grid.ElmNet\Composite Model EV27(1).ElmComp\P-input EV27(1).ElmDsl;0.001500056895830428
\szafar.IntUser\Larger_network_AB.IntPrj\Network Model.IntPrjfolder\Network Data.IntPrjfolder\Grid.ElmNet\Composite Model EV37(3).ElmComp\P-input EV37(3).ElmDsl;0.0
\szafar.IntUser\Larger_network_AB.IntPrj\Network Model.IntPrjfolder\Network Data.IntPrjfolder\Grid.ElmNet\Composite Model EV19(2).ElmComp\P-input EV19(2).ElmDsl;0.0014161464230930132
\szafar.IntUser\Larger_network_AB.IntPrj\Network Model.IntPrjfolder\Network Data.IntPrjfolder\Grid.ElmNet\Composite Model EV24(7).ElmComp\P-input EV24(7).ElmDsl;0.001601287128712871
\szafar.IntUser\Larger_network_AB.IntPrj\Network Model.IntPrjfolder\Network Data.IntPrjfolder\Grid.ElmNet\Composite Model EV43(6).ElmComp\P-input EV43(6).ElmDsl;0.0
\szafar.IntUser\Larger_network_AB.IntPrj\Network Model.IntPrjfolder\Network Data.IntPrjfolder\Grid.ElmNet\Composite Model EV25(4).ElmComp\P-input EV25(4).ElmDsl;0.0
\szafar.IntUser\Larger_network_AB.IntPrj\Network Model.IntPrjfolder\Network Data.IntPrjfolder\Grid.ElmNet\Composite Model EV35(2).ElmComp\P-input EV35(2).ElmDsl;7.959634639520285E-4
\szafar.IntUser\Larger_network_AB.IntPrj\Network Model.IntPrjfolder\Network Data.IntPrjfolder\Grid.ElmNet\Composite Model EV15(6).ElmComp\P-input EV15(6).ElmDsl;2.999255333984103E-4
\szafar.IntUser\Larger_network_AB.IntPrj\Network Model.IntPrjfolder\Network Data.IntPrjfolder\Grid.ElmNet\Composite Model EV33(6).ElmComp\P-input EV33(6).ElmDsl;3.014315994979778E-4
\szafar.IntUser\Larger_network_AB.IntPrj\Network Model.IntPrjfolder\Network Data.IntPrjfolder\Grid.ElmNet\Composite Model EV52(5).ElmComp\P-input EV52(5).ElmDsl;0.0
\szafar.IntUser\Larger_network_AB.IntPrj\Network Model.IntPrjfolder\Network Data.IntPrjfolder\Grid.ElmNet\Composite Model EV2(7).ElmComp\P-input EV2(7).ElmDsl;0.0
\szafar.IntUser\Larger_network_AB.IntPrj\Network Model.IntPrjfolder\Network Data.IntPrjfolder\Grid.ElmNet\Composite Model EV44(3).ElmComp\P-input EV44(3).ElmDsl;0.0
\szafar.IntUser\Larger_network_AB.IntPrj\Network Model.IntPrjfolder\Network Data.IntPrjfolder\Grid.ElmNet\Composite Model EV16(3).ElmComp\P-input EV16(3).ElmDsl;0.0
\szafar.IntUser\Larger_network_AB.IntPrj\Network Model.IntPrjfolder\Network Data.IntPrjfolder\Grid.ElmNet\Composite Model EV54(1).ElmComp\P-input EV54(1).ElmDsl;0.0
\szafar.IntUser\Larger_network_AB.IntPrj\Network Model.IntPrjfolder\Network Data.IntPrjfolder\Grid.ElmNet\Composite Model EV49(1).ElmComp\P-input EV49(1).ElmDsl;0.0
\szafar.IntUser\Larger_network_AB.IntPrj\Network Model.IntPrjfolder\Network Data.IntPrjfolder\Grid.ElmNet\Composite Model EV47(5).ElmComp\P-input EV47(5).ElmDsl;0.0
\szafar.IntUser\Larger_network_AB.IntPrj\Network Model.IntPrjfolder\Network Data.IntPrjfolder\Grid.ElmNet\Composite Model EV23(8).ElmComp\P-input EV23(8).ElmDsl;3.2176349184214126E-4
\szafar.IntUser\Larger_network_AB.IntPrj\Network Model.IntPrjfolder\Network Data.IntPrjfolder\Grid.ElmNet\Composite Model EV28(6).ElmComp\P-input EV28(6).ElmDsl;4.3273031717919755E-4
\szafar.IntUser\Larger_network_AB.IntPrj\Network Model.IntPrjfolder\Network Data.IntPrjfolder\Grid.ElmNet\Composite Model EV42(7).ElmComp\P-input EV42(7).ElmDsl;0.0
\szafar.IntUser\Larger_network_AB.IntPrj\Network Model.IntPrjfolder\Network Data.IntPrjfolder\Grid.ElmNet\Composite Model EV20(4).ElmComp\P-input EV20(4).ElmDsl;0.0
\szafar.IntUser\Larger_network_AB.IntPrj\Network Model.IntPrjfolder\Network Data.IntPrjfolder\Grid.ElmNet\Composite Model EV19(5).ElmComp\P-input EV19(5).ElmDsl;0.0014161464230930132
\szafar.IntUser\Larger_network_AB.IntPrj\Network Model.IntPrjfolder\Network Data.IntPrjfolder\Grid.ElmNet\Composite Model EV38(4).ElmComp\P-input EV38(4).ElmDsl;0.0
\szafar.IntUser\Larger_network_AB.IntPrj\Network Model.IntPrjfolder\Network Data.IntPrjfolder\Grid.ElmNet\Composite Model EV5(1).ElmComp\P-input EV5(1).ElmDsl;0.0
\szafar.IntUser\Larger_network_AB.IntPrj\Network Model.IntPrjfolder\Network Data.IntPrjfolder\Grid.ElmNet\Composite Model EV14(7).ElmComp\P-input EV14(7).ElmDsl;5.204587923581084E-4
\szafar.IntUser\Larger_network_AB.IntPrj\Network Model.IntPrjfolder\Network Data.IntPrjfolder\Grid.ElmNet\Composite Model EV36(8).ElmComp\P-input EV36(8).ElmDsl;0.0012742524055222417
\szafar.IntUser\Larger_network_AB.IntPrj\Network Model.IntPrjfolder\Network Data.IntPrjfolder\Grid.ElmNet\Composite Model EV55(7).ElmComp\P-input EV55(7).ElmDsl;0.0
\szafar.IntUser\Larger_network_AB.IntPrj\Network Model.IntPrjfolder\Network Data.IntPrjfolder\Grid.ElmNet\Composite Model EV39(1).ElmComp\P-input EV39(1).ElmDsl;5.776893041416815E-4
\szafar.IntUser\Larger_network_AB.IntPrj\Network Model.IntPrjfolder\Network Data.IntPrjfolder\Grid.ElmNet\Composite Model EV48(2).ElmComp\P-input EV48(2).ElmDsl;0.0
\szafar.IntUser\Larger_network_AB.IntPrj\Network Model.IntPrjfolder\Network Data.IntPrjfolder\Grid.ElmNet\Composite Model EV29(3).ElmComp\P-input EV29(3).ElmDsl;0.0
\szafar.IntUser\Larger_network_AB.IntPrj\Network Model.IntPrjfolder\Network Data.IntPrjfolder\Grid.ElmNet\Composite Model EV27.ElmComp\P-input EV27.ElmDsl;0.001500056895830428
\szafar.IntUser\Larger_network_AB.IntPrj\Network Model.IntPrjfolder\Network Data.IntPrjfolder\Grid.ElmNet\Composite Model EV27(7).ElmComp\P-input EV27(7).ElmDsl;0.001500056895830428
\szafar.IntUser\Larger_network_AB.IntPrj\Network Model.IntPrjfolder\Network Data.IntPrjfolder\Grid.ElmNet\Composite Model EV46(6).ElmComp\P-input EV46(6).ElmDsl;0.0
\szafar.IntUser\Larger_network_AB.IntPrj\Network Model.IntPrjfolder\Network Data.IntPrjfolder\Grid.ElmNet\Composite Model EV13(3).ElmComp\P-input EV13(3).ElmDsl;0.0
\szafar.IntUser\Larger_network_AB.IntPrj\Network Model.IntPrjfolder\Network Data.IntPrjfolder\Grid.ElmNet\Composite Model EV49(8).ElmComp\P-input EV49(8).ElmDsl;0.0
\szafar.IntUser\Larger_network_AB.IntPrj\Network Model.IntPrjfolder\Network Data.IntPrjfolder\Grid.ElmNet\Composite Model EV39(5).ElmComp\P-input EV39(5).ElmDsl;5.776893041416815E-4
\szafar.IntUser\Larger_network_AB.IntPrj\Network Model.IntPrjfolder\Network Data.IntPrjfolder\Grid.ElmNet\Composite Model EV50(2).ElmComp\P-input EV50(2).ElmDsl;0.0
\szafar.IntUser\Larger_network_AB.IntPrj\Network Model.IntPrjfolder\Network Data.IntPrjfolder\Grid.ElmNet\Composite Model EV30(6).ElmComp\P-input EV30(6).ElmDsl;0.0016020401617626548
\szafar.IntUser\Larger_network_AB.IntPrj\Network Model.IntPrjfolder\Network Data.IntPrjfolder\Grid.ElmNet\Composite Model EV7(2).ElmComp\P-input EV7(2).ElmDsl;0.0
\szafar.IntUser\Larger_network_AB.IntPrj\Network Model.IntPrjfolder\Network Data.IntPrjfolder\Grid.ElmNet\Composite Model EV43(2).ElmComp\P-input EV43(2).ElmDsl;0.0
\szafar.IntUser\Larger_network_AB.IntPrj\Network Model.IntPrjfolder\Network Data.IntPrjfolder\Grid.ElmNet\Composite Model EV21(1).ElmComp\P-input EV21(1).ElmDsl;3.0218463254776156E-4
\szafar.IntUser\Larger_network_AB.IntPrj\Network Model.IntPrjfolder\Network Data.IntPrjfolder\Grid.ElmNet\Composite Model EV32(2).ElmComp\P-input EV32(2).ElmDsl;0.001718331055640775
\szafar.IntUser\Larger_network_AB.IntPrj\Network Model.IntPrjfolder\Network Data.IntPrjfolder\Grid.ElmNet\Composite Model EV11(7).ElmComp\P-input EV11(7).ElmDsl;0.0
\szafar.IntUser\Larger_network_AB.IntPrj\Network Model.IntPrjfolder\Network Data.IntPrjfolder\Grid.ElmNet\Composite Model EV28.ElmComp\P-input EV28.ElmDsl;4.3273031717919755E-4
\szafar.IntUser\Larger_network_AB.IntPrj\Network Model.IntPrjfolder\Network Data.IntPrjfolder\Grid.ElmNet\Composite Model EV37.ElmComp\P-input EV37.ElmDsl;0.0016065583600613578
\szafar.IntUser\Larger_network_AB.IntPrj\Network Model.IntPrjfolder\Network Data.IntPrjfolder\Grid.ElmNet\Composite Model EV5(5).ElmComp\P-input EV5(5).ElmDsl;0.0
\szafar.IntUser\Larger_network_AB.IntPrj\Network Model.IntPrjfolder\Network Data.IntPrjfolder\Grid.ElmNet\Composite Model EV4.ElmComp\P-input EV4.ElmDsl;0.0060090071258907364
\szafar.IntUser\Larger_network_AB.IntPrj\Network Model.IntPrjfolder\Network Data.IntPrjfolder\Grid.ElmNet\Composite Model EV25.ElmComp\P-input EV25.ElmDsl;0.0015749309719704362
\szafar.IntUser\Larger_network_AB.IntPrj\Network Model.IntPrjfolder\Network Data.IntPrjfolder\Grid.ElmNet\Composite Model EV10(1).ElmComp\P-input EV10(1).ElmDsl;0.0
\szafar.IntUser\Larger_network_AB.IntPrj\Network Model.IntPrjfolder\Network Data.IntPrjfolder\Grid.ElmNet\Composite Model EV22(7).ElmComp\P-input EV22(7).ElmDsl;7.673482080602419E-4
\szafar.IntUser\Larger_network_AB.IntPrj\Network Model.IntPrjfolder\Network Data.IntPrjfolder\Grid.ElmNet\Composite Model EV51(1).ElmComp\P-input EV51(1).ElmDsl;0.0
\szafar.IntUser\Larger_network_AB.IntPrj\Network Model.IntPrjfolder\Network Data.IntPrjfolder\Grid.ElmNet\Composite Model EV9(6).ElmComp\P-input EV9(6).ElmDsl;0.0
\szafar.IntUser\Larger_network_AB.IntPrj\Network Model.IntPrjfolder\Network Data.IntPrjfolder\Grid.ElmNet\Composite Model EV12(4).ElmComp\P-input EV12(4).ElmDsl;0.0
\szafar.IntUser\Larger_network_AB.IntPrj\Network Model.IntPrjfolder\Network Data.IntPrjfolder\Grid.ElmNet\Composite Model EV36(1).ElmComp\P-input EV36(1).ElmDsl;0.0012742524055222417
\szafar.IntUser\Larger_network_AB.IntPrj\Network Model.IntPrjfolder\Network Data.IntPrjfolder\Grid.ElmNet\Composite Model EV42(3).ElmComp\P-input EV42(3).ElmDsl;0.0
\szafar.IntUser\Larger_network_AB.IntPrj\Network Model.IntPrjfolder\Network Data.IntPrjfolder\Grid.ElmNet\Composite Model EV51(8).ElmComp\P-input EV51(8).ElmDsl;0.0
\szafar.IntUser\Larger_network_AB.IntPrj\Network Model.IntPrjfolder\Network Data.IntPrjfolder\Grid.ElmNet\Composite Model EV53(4).ElmComp\P-input EV53(4).ElmDsl;0.0
\szafar.IntUser\Larger_network_AB.IntPrj\Network Model.IntPrjfolder\Network Data.IntPrjfolder\Grid.ElmNet\Composite Model EV34(5).ElmComp\P-input EV34(5).ElmDsl;2.999255333984103E-4
\szafar.IntUser\Larger_network_AB.IntPrj\Network Model.IntPrjfolder\Network Data.IntPrjfolder\Grid.ElmNet\Composite Model EV10(8).ElmComp\P-input EV10(8).ElmDsl;0.0
\szafar.IntUser\Larger_network_AB.IntPrj\Network Model.IntPrjfolder\Network Data.IntPrjfolder\Grid.ElmNet\Composite Model EV41(6).ElmComp\P-input EV41(6).ElmDsl;0.0
\szafar.IntUser\Larger_network_AB.IntPrj\Network Model.IntPrjfolder\Network Data.IntPrjfolder\Grid.ElmNet\Composite Model EV31(3).ElmComp\P-input EV31(3).ElmDsl;0.0
\szafar.IntUser\Larger_network_AB.IntPrj\Network Model.IntPrjfolder\Network Data.IntPrjfolder\Grid.ElmNet\Composite Model EV17(2).ElmComp\P-input EV17(2).ElmDsl;0.0017371568818853713
\szafar.IntUser\Larger_network_AB.IntPrj\Network Model.IntPrjfolder\Network Data.IntPrjfolder\Grid.ElmNet\Composite Model EV24(3).ElmComp\P-input EV24(3).ElmDsl;0.0
\szafar.IntUser\Larger_network_AB.IntPrj\Network Model.IntPrjfolder\Network Data.IntPrjfolder\Grid.ElmNet\Composite Model EV41.ElmComp\P-input EV41.ElmDsl;3.3155292148933193E-4
\szafar.IntUser\Larger_network_AB.IntPrj\Network Model.IntPrjfolder\Network Data.IntPrjfolder\Grid.ElmNet\Composite Model EV6(8).ElmComp\P-input EV6(8).ElmDsl;0.0
\szafar.IntUser\Larger_network_AB.IntPrj\Network Model.IntPrjfolder\Network Data.IntPrjfolder\Grid.ElmNet\Composite Model EV3(4).ElmComp\P-input EV3(4).ElmDsl;0.005852337185588034
\szafar.IntUser\Larger_network_AB.IntPrj\Network Model.IntPrjfolder\Network Data.IntPrjfolder\Grid.ElmNet\Composite Model EV4(4).ElmComp\P-input EV4(4).ElmDsl;0.0060090071258907364
\szafar.IntUser\Larger_network_AB.IntPrj\Network Model.IntPrjfolder\Network Data.IntPrjfolder\Grid.ElmNet\Composite Model EV47.ElmComp\P-input EV47.ElmDsl;0.001267475108074187
\szafar.IntUser\Larger_network_AB.IntPrj\Network Model.IntPrjfolder\Network Data.IntPrjfolder\Grid.ElmNet\Composite Model EV55(3).ElmComp\P-input EV55(3).ElmDsl;0.0
\szafar.IntUser\Larger_network_AB.IntPrj\Network Model.IntPrjfolder\Network Data.IntPrjfolder\Grid.ElmNet\Composite Model EV27(4).ElmComp\P-input EV27(4).ElmDsl;0.0
\szafar.IntUser\Larger_network_AB.IntPrj\Network Model.IntPrjfolder\Network Data.IntPrjfolder\Grid.ElmNet\Composite Model EV28(2).ElmComp\P-input EV28(2).ElmDsl;4.3273031717919755E-4
\szafar.IntUser\Larger_network_AB.IntPrj\Network Model.IntPrjfolder\Network Data.IntPrjfolder\Grid.ElmNet\Composite Model EV37(2).ElmComp\P-input EV37(2).ElmDsl;0.0016065583600613578
\szafar.IntUser\Larger_network_AB.IntPrj\Network Model.IntPrjfolder\Network Data.IntPrjfolder\Grid.ElmNet\Composite Model EV12(8).ElmComp\P-input EV12(8).ElmDsl;0.0
\szafar.IntUser\Larger_network_AB.IntPrj\Network Model.IntPrjfolder\Network Data.IntPrjfolder\Grid.ElmNet\Composite Model EV6(7).ElmComp\P-input EV6(7).ElmDsl;0.0
\szafar.IntUser\Larger_network_AB.IntPrj\Network Model.IntPrjfolder\Network Data.IntPrjfolder\Grid.ElmNet\Composite Model EV53(7).ElmComp\P-input EV53(7).ElmDsl;0.0
\szafar.IntUser\Larger_network_AB.IntPrj\Network Model.IntPrjfolder\Network Data.IntPrjfolder\Grid.ElmNet\Composite Model EV54(5).ElmComp\P-input EV54(5).ElmDsl;0.0
\szafar.IntUser\Larger_network_AB.IntPrj\Network Model.IntPrjfolder\Network Data.IntPrjfolder\Grid.ElmNet\Composite Model EV2(8).ElmComp\P-input EV2(8).ElmDsl;0.0
\szafar.IntUser\Larger_network_AB.IntPrj\Network Model.IntPrjfolder\Network Data.IntPrjfolder\Grid.ElmNet\Composite Model EV19(1).ElmComp\P-input EV19(1).ElmDsl;0.0014161464230930132
\szafar.IntUser\Larger_network_AB.IntPrj\Network Model.IntPrjfolder\Network Data.IntPrjfolder\Grid.ElmNet\Composite Model EV36(4).ElmComp\P-input EV36(4).ElmDsl;0.0
\szafar.IntUser\Larger_network_AB.IntPrj\Network Model.IntPrjfolder\Network Data.IntPrjfolder\Grid.ElmNet\Composite Model EV46(3).ElmComp\P-input EV46(3).ElmDsl;0.0
\szafar.IntUser\Larger_network_AB.IntPrj\Network Model.IntPrjfolder\Network Data.IntPrjfolder\Grid.ElmNet\Composite Model EV47(1).ElmComp\P-input EV47(1).ElmDsl;0.0
\szafar.IntUser\Larger_network_AB.IntPrj\Network Model.IntPrjfolder\Network Data.IntPrjfolder\Grid.ElmNet\Composite Model EV18(3).ElmComp\P-input EV18(3).ElmDsl;0.0
\szafar.IntUser\Larger_network_AB.IntPrj\Network Model.IntPrjfolder\Network Data.IntPrjfolder\Grid.ElmNet\Composite Model EV12.ElmComp\P-input EV12.ElmDsl;0.0
\szafar.IntUser\Larger_network_AB.IntPrj\Network Model.IntPrjfolder\Network Data.IntPrjfolder\Grid.ElmNet\Composite Model EV8.ElmComp\P-input EV8.ElmDsl;0.0
\szafar.IntUser\Larger_network_AB.IntPrj\Network Model.IntPrjfolder\Network Data.IntPrjfolder\Grid.ElmNet\Composite Model EV25(8).ElmComp\P-input EV25(8).ElmDsl;0.0015749309719704362
\szafar.IntUser\Larger_network_AB.IntPrj\Network Model.IntPrjfolder\Network Data.IntPrjfolder\Grid.ElmNet\Composite Model EV26(6).ElmComp\P-input EV26(6).ElmDsl;6.924741319202341E-4
\szafar.IntUser\Larger_network_AB.IntPrj\Network Model.IntPrjfolder\Network Data.IntPrjfolder\Grid.ElmNet\Composite Model EV45(5).ElmComp\P-input EV45(5).ElmDsl;0.0
\szafar.IntUser\Larger_network_AB.IntPrj\Network Model.IntPrjfolder\Network Data.IntPrjfolder\Grid.ElmNet\Composite Model EV44(7).ElmComp\P-input EV44(7).ElmDsl;0.0
\szafar.IntUser\Larger_network_AB.IntPrj\Network Model.IntPrjfolder\Network Data.IntPrjfolder\Grid.ElmNet\Composite Model EV17(5).ElmComp\P-input EV17(5).ElmDsl;0.0017371568818853713
\szafar.IntUser\Larger_network_AB.IntPrj\Network Model.IntPrjfolder\Network Data.IntPrjfolder\Grid.ElmNet\Composite Model EV34(8).ElmComp\P-input EV34(8).ElmDsl;2.999255333984103E-4
\szafar.IntUser\Larger_network_AB.IntPrj\Network Model.IntPrjfolder\Network Data.IntPrjfolder\Grid.ElmNet\Composite Model EV16(7).ElmComp\P-input EV16(7).ElmDsl;0.0021847569500894164
\szafar.IntUser\Larger_network_AB.IntPrj\Network Model.IntPrjfolder\Network Data.IntPrjfolder\Grid.ElmNet\Composite Model EV35(6).ElmComp\P-input EV35(6).ElmDsl;7.959634639520285E-4
\szafar.IntUser\Larger_network_AB.IntPrj\Network Model.IntPrjfolder\Network Data.IntPrjfolder\Grid.ElmNet\Composite Model EV48(6).ElmComp\P-input EV48(6).ElmDsl;0.0
\szafar.IntUser\Larger_network_AB.IntPrj\Network Model.IntPrjfolder\Network Data.IntPrjfolder\Grid.ElmNet\Composite Model EV1(1).ElmComp\P-input EV1(1).ElmDsl;0.0
\szafar.IntUser\Larger_network_AB.IntPrj\Network Model.IntPrjfolder\Network Data.IntPrjfolder\Grid.ElmNet\Composite Model EV7(3).ElmComp\P-input EV7(3).ElmDsl;0.0
\szafar.IntUser\Larger_network_AB.IntPrj\Network Model.IntPrjfolder\Network Data.IntPrjfolder\Grid.ElmNet\Composite Model EV49(4).ElmComp\P-input EV49(4).ElmDsl;0.0
\szafar.IntUser\Larger_network_AB.IntPrj\Network Model.IntPrjfolder\Network Data.IntPrjfolder\Grid.ElmNet\Composite Model EV47(8).ElmComp\P-input EV47(8).ElmDsl;0.0
\szafar.IntUser\Larger_network_AB.IntPrj\Network Model.IntPrjfolder\Network Data.IntPrjfolder\Grid.ElmNet\Composite Model EV18.ElmComp\P-input EV18.ElmDsl;0.0011267633523915764
\szafar.IntUser\Larger_network_AB.IntPrj\Network Model.IntPrjfolder\Network Data.IntPrjfolder\Grid.ElmNet\Composite Model EV54.ElmComp\P-input EV54.ElmDsl;2.999255333984103E-4
\szafar.IntUser\Larger_network_AB.IntPrj\Network Model.IntPrjfolder\Network Data.IntPrjfolder\Grid.ElmNet\Composite Model EV29(7).ElmComp\P-input EV29(7).ElmDsl;3.511317807837115E-4
\szafar.IntUser\Larger_network_AB.IntPrj\Network Model.IntPrjfolder\Network Data.IntPrjfolder\Grid.ElmNet\Composite Model EV40(4).ElmComp\P-input EV40(4).ElmDsl;0.0
\szafar.IntUser\Larger_network_AB.IntPrj\Network Model.IntPrjfolder\Network Data.IntPrjfolder\Grid.ElmNet\Composite Model EV23(1).ElmComp\P-input EV23(1).ElmDsl;3.2176349184214126E-4
\szafar.IntUser\Larger_network_AB.IntPrj\Network Model.IntPrjfolder\Network Data.IntPrjfolder\Grid.ElmNet\Composite Model EV10(5).ElmComp\P-input EV10(5).ElmDsl;0.0
\szafar.IntUser\Larger_network_AB.IntPrj\Network Model.IntPrjfolder\Network Data.IntPrjfolder\Grid.ElmNet\Composite Model EV22(3).ElmComp\P-input EV22(3).ElmDsl;0.0
\szafar.IntUser\Larger_network_AB.IntPrj\Network Model.IntPrjfolder\Network Data.IntPrjfolder\Grid.ElmNet\Composite Model EV41(2).ElmComp\P-input EV41(2).ElmDsl;0.0
\szafar.IntUser\Larger_network_AB.IntPrj\Network Model.IntPrjfolder\Network Data.IntPrjfolder\Grid.ElmNet\Composite Model EV22.ElmComp\P-input EV22.ElmDsl;7.673482080602419E-4
\szafar.IntUser\Larger_network_AB.IntPrj\Network Model.IntPrjfolder\Network Data.IntPrjfolder\Grid.ElmNet\Composite Model EV3(3).ElmComp\P-input EV3(3).ElmDsl;0.005852337185588034
\szafar.IntUser\Larger_network_AB.IntPrj\Network Model.IntPrjfolder\Network Data.IntPrjfolder\Grid.ElmNet\Composite Model EV9(5).ElmComp\P-input EV9(5).ElmDsl;0.0
\szafar.IntUser\Larger_network_AB.IntPrj\Network Model.IntPrjfolder\Network Data.IntPrjfolder\Grid.ElmNet\Composite Model EV12(1).ElmComp\P-input EV12(1).ElmDsl;0.0
\szafar.IntUser\Larger_network_AB.IntPrj\Network Model.IntPrjfolder\Network Data.IntPrjfolder\Grid.ElmNet\Composite Model EV11(3).ElmComp\P-input EV11(3).ElmDsl;0.0
\szafar.IntUser\Larger_network_AB.IntPrj\Network Model.IntPrjfolder\Network Data.IntPrjfolder\Grid.ElmNet\Composite Model EV30(2).ElmComp\P-input EV30(2).ElmDsl;0.0016020401617626548
\szafar.IntUser\Larger_network_AB.IntPrj\Network Model.IntPrjfolder\Network Data.IntPrjfolder\Grid.ElmNet\Composite Model EV32(5).ElmComp\P-input EV32(5).ElmDsl;0.001718331055640775
\szafar.IntUser\Larger_network_AB.IntPrj\Network Model.IntPrjfolder\Network Data.IntPrjfolder\Grid.ElmNet\Composite Model EV15(2).ElmComp\P-input EV15(2).ElmDsl;2.999255333984103E-4
\szafar.IntUser\Larger_network_AB.IntPrj\Network Model.IntPrjfolder\Network Data.IntPrjfolder\Grid.ElmNet\Composite Model EV45(1).ElmComp\P-input EV45(1).ElmDsl;0.0
\szafar.IntUser\Larger_network_AB.IntPrj\Network Model.IntPrjfolder\Network Data.IntPrjfolder\Grid.ElmNet\Composite Model EV33(3).ElmComp\P-input EV33(3).ElmDsl;0.0
\szafar.IntUser\Larger_network_AB.IntPrj\Network Model.IntPrjfolder\Network Data.IntPrjfolder\Grid.ElmNet\Composite Model EV15.ElmComp\P-input EV15.ElmDsl;2.999255333984103E-4
\szafar.IntUser\Larger_network_AB.IntPrj\Network Model.IntPrjfolder\Network Data.IntPrjfolder\Grid.ElmNet\Composite Model EV51.ElmComp\P-input EV51.ElmDsl;0.001500056895830428
\szafar.IntUser\Larger_network_AB.IntPrj\Network Model.IntPrjfolder\Network Data.IntPrjfolder\Grid.ElmNet\Composite Model EV50(6).ElmComp\P-input EV50(6).ElmDsl;0.0
\szafar.IntUser\Larger_network_AB.IntPrj\Network Model.IntPrjfolder\Network Data.IntPrjfolder\Grid.ElmNet\Composite Model EV31(7).ElmComp\P-input EV31(7).ElmDsl;7.294564482369989E-4
\szafar.IntUser\Larger_network_AB.IntPrj\Network Model.IntPrjfolder\Network Data.IntPrjfolder\Grid.ElmNet\Composite Model EV21(5).ElmComp\P-input EV21(5).ElmDsl;3.0218463254776156E-4
\szafar.IntUser\Larger_network_AB.IntPrj\Network Model.IntPrjfolder\Network Data.IntPrjfolder\Grid.ElmNet\Composite Model EV51(4).ElmComp\P-input EV51(4).ElmDsl;0.0
\szafar.IntUser\Larger_network_AB.IntPrj\Network Model.IntPrjfolder\Network Data.IntPrjfolder\Grid.ElmNet\Composite Model EV13(6).ElmComp\P-input EV13(6).ElmDsl;0.0
\szafar.IntUser\Larger_network_AB.IntPrj\Network Model.IntPrjfolder\Network Data.IntPrjfolder\Grid.ElmNet\Composite Model EV2(2).ElmComp\P-input EV2(2).ElmDsl;0.0
\szafar.IntUser\Larger_network_AB.IntPrj\Network Model.IntPrjfolder\Network Data.IntPrjfolder\Grid.ElmNet\Composite Model EV34(1).ElmComp\P-input EV34(1).ElmDsl;2.999255333984103E-4
\szafar.IntUser\Larger_network_AB.IntPrj\Network Model.IntPrjfolder\Network Data.IntPrjfolder\Grid.ElmNet\Composite Model EV5(6).ElmComp\P-input EV5(6).ElmDsl;0.0
\szafar.IntUser\Larger_network_AB.IntPrj\Network Model.IntPrjfolder\Network Data.IntPrjfolder\Grid.ElmNet\Composite Model EV52(2).ElmComp\P-input EV52(2).ElmDsl;0.0
\szafar.IntUser\Larger_network_AB.IntPrj\Network Model.IntPrjfolder\Network Data.IntPrjfolder\Grid.ElmNet\Composite Model EV8(4).ElmComp\P-input EV8(4).ElmDsl;0.0
\szafar.IntUser\Larger_network_AB.IntPrj\Network Model.IntPrjfolder\Network Data.IntPrjfolder\Grid.ElmNet\Composite Model EV14(4).ElmComp\P-input EV14(4).ElmDsl;0.0
\szafar.IntUser\Larger_network_AB.IntPrj\Network Model.IntPrjfolder\Network Data.IntPrjfolder\Grid.ElmNet\Composite Model EV20(7).ElmComp\P-input EV20(7).ElmDsl;0.0017025173615953142
