\szafar.IntUser\Larger_network_AB.IntPrj\Network Model.IntPrjfolder\Network Data.IntPrjfolder\Grid.ElmNet\Composite Model PV51.ElmComp\shedding PV51.ElmDsl;1.0
\szafar.IntUser\Larger_network_AB.IntPrj\Network Model.IntPrjfolder\Network Data.IntPrjfolder\Grid.ElmNet\Composite Model PV14.ElmComp\shedding PV14.ElmDsl;1.0
\szafar.IntUser\Larger_network_AB.IntPrj\Network Model.IntPrjfolder\Network Data.IntPrjfolder\Grid.ElmNet\Composite Model PV18.ElmComp\shedding PV18.ElmDsl;1.0
\szafar.IntUser\Larger_network_AB.IntPrj\Network Model.IntPrjfolder\Network Data.IntPrjfolder\Grid.ElmNet\Composite Model PV55.ElmComp\shedding PV55.ElmDsl;1.0
\szafar.IntUser\Larger_network_AB.IntPrj\Network Model.IntPrjfolder\Network Data.IntPrjfolder\Grid.ElmNet\Composite Model PV44.ElmComp\shedding PV44.ElmDsl;1.0
\szafar.IntUser\Larger_network_AB.IntPrj\Network Model.IntPrjfolder\Network Data.IntPrjfolder\Grid.ElmNet\Composite Model PV29.ElmComp\shedding PV29.ElmDsl;1.0
\szafar.IntUser\Larger_network_AB.IntPrj\Network Model.IntPrjfolder\Network Data.IntPrjfolder\Grid.ElmNet\Composite Model PV40.ElmComp\shedding PV40.ElmDsl;1.0
\szafar.IntUser\Larger_network_AB.IntPrj\Network Model.IntPrjfolder\Network Data.IntPrjfolder\Grid.ElmNet\Composite Model PV25.ElmComp\shedding PV25.ElmDsl;1.0
\szafar.IntUser\Larger_network_AB.IntPrj\Network Model.IntPrjfolder\Network Data.IntPrjfolder\Grid.ElmNet\Composite Model PV21.ElmComp\shedding PV21.ElmDsl;1.0
\szafar.IntUser\Larger_network_AB.IntPrj\Network Model.IntPrjfolder\Network Data.IntPrjfolder\Grid.ElmNet\Composite Model PV48.ElmComp\shedding PV48.ElmDsl;1.0
\szafar.IntUser\Larger_network_AB.IntPrj\Network Model.IntPrjfolder\Network Data.IntPrjfolder\Grid.ElmNet\Composite Model PV32.ElmComp\shedding PV32.ElmDsl;1.0
\szafar.IntUser\Larger_network_AB.IntPrj\Network Model.IntPrjfolder\Network Data.IntPrjfolder\Grid.ElmNet\Composite Model PV43.ElmComp\shedding PV43.ElmDsl;1.0
\szafar.IntUser\Larger_network_AB.IntPrj\Network Model.IntPrjfolder\Network Data.IntPrjfolder\Grid.ElmNet\Composite Model PV26.ElmComp\shedding PV26.ElmDsl;1.0
\szafar.IntUser\Larger_network_AB.IntPrj\Network Model.IntPrjfolder\Network Data.IntPrjfolder\Grid.ElmNet\Composite Model PV9.ElmComp\shedding PV9.ElmDsl;1.0
\szafar.IntUser\Larger_network_AB.IntPrj\Network Model.IntPrjfolder\Network Data.IntPrjfolder\Grid.ElmNet\Composite Model PV52.ElmComp\shedding PV52.ElmDsl;1.0
\szafar.IntUser\Larger_network_AB.IntPrj\Network Model.IntPrjfolder\Network Data.IntPrjfolder\Grid.ElmNet\Composite Model PV22.ElmComp\shedding PV22.ElmDsl;1.0
\szafar.IntUser\Larger_network_AB.IntPrj\Network Model.IntPrjfolder\Network Data.IntPrjfolder\Grid.ElmNet\Composite Model PV49.ElmComp\shedding PV49.ElmDsl;1.0
\szafar.IntUser\Larger_network_AB.IntPrj\Network Model.IntPrjfolder\Network Data.IntPrjfolder\Grid.ElmNet\Composite Model PV28.ElmComp\shedding PV28.ElmDsl;1.0
\szafar.IntUser\Larger_network_AB.IntPrj\Network Model.IntPrjfolder\Network Data.IntPrjfolder\Grid.ElmNet\Composite Model PV15.ElmComp\shedding PV15.ElmDsl;1.0
\szafar.IntUser\Larger_network_AB.IntPrj\Network Model.IntPrjfolder\Network Data.IntPrjfolder\Grid.ElmNet\Composite Model PV11.ElmComp\shedding PV11.ElmDsl;1.0
\szafar.IntUser\Larger_network_AB.IntPrj\Network Model.IntPrjfolder\Network Data.IntPrjfolder\Grid.ElmNet\Composite Model PV39.ElmComp\shedding PV39.ElmDsl;1.0
\szafar.IntUser\Larger_network_AB.IntPrj\Network Model.IntPrjfolder\Network Data.IntPrjfolder\Grid.ElmNet\Composite Model PV38.ElmComp\shedding PV38.ElmDsl;1.0
\szafar.IntUser\Larger_network_AB.IntPrj\Network Model.IntPrjfolder\Network Data.IntPrjfolder\Grid.ElmNet\Composite Model PV2.ElmComp\shedding PV2.ElmDsl;1.0
\szafar.IntUser\Larger_network_AB.IntPrj\Network Model.IntPrjfolder\Network Data.IntPrjfolder\Grid.ElmNet\Composite Model PV33.ElmComp\shedding PV33.ElmDsl;1.0
\szafar.IntUser\Larger_network_AB.IntPrj\Network Model.IntPrjfolder\Network Data.IntPrjfolder\Grid.ElmNet\Composite Model PV6.ElmComp\shedding PV6.ElmDsl;1.0
\szafar.IntUser\Larger_network_AB.IntPrj\Network Model.IntPrjfolder\Network Data.IntPrjfolder\Grid.ElmNet\Composite Model PV16.ElmComp\shedding PV16.ElmDsl;1.0
\szafar.IntUser\Larger_network_AB.IntPrj\Network Model.IntPrjfolder\Network Data.IntPrjfolder\Grid.ElmNet\Composite Model PV12.ElmComp\shedding PV12.ElmDsl;1.0
\szafar.IntUser\Larger_network_AB.IntPrj\Network Model.IntPrjfolder\Network Data.IntPrjfolder\Grid.ElmNet\Composite Model PV35.ElmComp\shedding PV35.ElmDsl;1.0
\szafar.IntUser\Larger_network_AB.IntPrj\Network Model.IntPrjfolder\Network Data.IntPrjfolder\Grid.ElmNet\Composite Model PV46.ElmComp\shedding PV46.ElmDsl;1.0
\szafar.IntUser\Larger_network_AB.IntPrj\Network Model.IntPrjfolder\Network Data.IntPrjfolder\Grid.ElmNet\Composite Model PV19.ElmComp\shedding PV19.ElmDsl;1.0
\szafar.IntUser\Larger_network_AB.IntPrj\Network Model.IntPrjfolder\Network Data.IntPrjfolder\Grid.ElmNet\Composite Model PV41.ElmComp\shedding PV41.ElmDsl;1.0
\szafar.IntUser\Larger_network_AB.IntPrj\Network Model.IntPrjfolder\Network Data.IntPrjfolder\Grid.ElmNet\Composite Model PV24.ElmComp\shedding PV24.ElmDsl;1.0
\szafar.IntUser\Larger_network_AB.IntPrj\Network Model.IntPrjfolder\Network Data.IntPrjfolder\Grid.ElmNet\Composite Model PV54.ElmComp\shedding PV54.ElmDsl;1.0
\szafar.IntUser\Larger_network_AB.IntPrj\Network Model.IntPrjfolder\Network Data.IntPrjfolder\Grid.ElmNet\Composite Model PV36.ElmComp\shedding PV36.ElmDsl;1.0
\szafar.IntUser\Larger_network_AB.IntPrj\Network Model.IntPrjfolder\Network Data.IntPrjfolder\Grid.ElmNet\Composite Model PV30.ElmComp\shedding PV30.ElmDsl;1.0
\szafar.IntUser\Larger_network_AB.IntPrj\Network Model.IntPrjfolder\Network Data.IntPrjfolder\Grid.ElmNet\Composite Model PV31.ElmComp\shedding PV31.ElmDsl;1.0
\szafar.IntUser\Larger_network_AB.IntPrj\Network Model.IntPrjfolder\Network Data.IntPrjfolder\Grid.ElmNet\Composite Model PV8.ElmComp\shedding PV8.ElmDsl;1.0
